ChEMBL_ID,pKi,MolWt,LogP,TPSA,HBD,HBA,RotatableBonds,AromaticRings,HeavyAtoms,NumRings,NumSaturatedRings,NumAliphaticRings,MolMR,NumCarbons,NumNitrogens,NumOxygens,NumFluorines,NumHalogens
CHEMBL549,4.78,324.39900000000006,3.812980000000003,36.26,0,3,5,2,24,3,0,1,90.91400000000006,20,2,1,1,4
CHEMBL607,4.75,247.33799999999994,2.2131,29.54,0,3,3,1,18,2,1,1,71.48400000000005,15,1,2,0,3
CHEMBL904,7.13,233.31099999999995,2.0852999999999997,38.33,1,3,3,1,17,2,1,1,66.84070000000004,14,1,2,0,3
CHEMBL1708,7.01,329.3710000000001,3.326500000000002,39.72,1,4,4,2,24,4,1,2,88.17770000000006,19,1,3,1,5
CHEMBL11493,7.98,385.49800000000005,5.866300000000006,12.47,0,2,7,2,28,4,2,2,107.17400000000006,24,1,1,2,4
CHEMBL21859,7.67,401.4530000000002,4.095100000000003,38.77,0,4,5,2,29,4,2,2,104.21200000000005,23,1,3,2,6
CHEMBL22183,5.38,272.41700000000003,3.790020000000002,29.259999999999998,1,3,4,2,19,2,0,0,83.54740000000004,16,2,0,0,3
CHEMBL22216,6.77,337.286,4.244100000000003,29.259999999999998,1,3,4,2,19,2,0,0,86.51040000000005,15,2,0,0,4
CHEMBL22743,6.47,291.391,3.5308000000000024,23.47,1,3,5,2,20,2,0,0,80.27880000000003,16,1,1,1,4
CHEMBL23033,6.77,323.259,3.901900000000002,38.05,2,3,4,2,18,2,0,0,81.88310000000003,14,2,0,0,4
CHEMBL27336,8.66,263.812,4.3163000000000045,3.24,0,1,2,1,18,3,2,2,77.16400000000006,16,1,0,0,2
CHEMBL27748,7.66,520.6200000000001,5.142300000000005,42.010000000000005,0,5,9,3,38,5,1,2,142.6104999999999,31,2,3,2,7
CHEMBL28394,9.38,296.24100000000004,4.658800000000004,3.24,0,1,2,1,19,3,2,2,81.86600000000004,16,1,0,0,3
CHEMBL28414,7.28,504.62100000000015,5.726800000000006,24.94,0,4,9,3,37,5,1,2,142.76699999999985,31,2,2,2,6
CHEMBL28726,7.06,442.5500000000001,4.447700000000004,32.78,0,4,8,2,32,4,2,2,120.44000000000005,26,2,2,2,6
CHEMBL28867,7.24,490.59400000000016,5.1337000000000055,32.78,0,4,8,3,36,5,1,2,136.05849999999995,30,2,2,2,6
CHEMBL28897,8.19,474.59500000000025,5.718200000000006,15.71,0,3,8,3,35,5,1,2,136.21499999999995,30,2,1,2,5
CHEMBL28935,7.31,456.5770000000001,4.837800000000005,32.78,0,4,8,2,33,4,2,2,125.05700000000006,27,2,2,2,6
CHEMBL29000,7.08,428.52300000000014,4.057600000000003,32.78,0,4,8,2,31,4,2,2,115.82300000000005,25,2,2,2,6
CHEMBL34032,8.0,421.5310000000001,6.373100000000006,12.47,0,2,8,3,31,4,1,1,119.65500000000004,27,1,1,2,4
CHEMBL34372,7.2,451.5570000000001,6.381700000000007,21.700000000000003,0,3,9,3,33,4,1,1,126.20700000000005,28,1,2,2,5
CHEMBL34591,8.92,455.97600000000017,7.026500000000007,12.47,0,2,8,3,32,4,1,1,124.66500000000005,27,1,1,2,5
CHEMBL35045,8.1,451.55700000000013,6.381700000000007,21.700000000000003,0,3,9,3,33,4,1,1,126.20700000000005,28,1,2,2,5
CHEMBL35122,8.96,489.52800000000013,7.391900000000007,12.47,0,2,8,3,35,4,1,1,124.65700000000004,28,1,1,5,7
CHEMBL35411,7.8,471.5910000000002,7.526300000000007,12.47,0,2,8,4,35,5,1,1,137.16099999999994,31,1,1,2,4
CHEMBL36141,8.92,446.54100000000017,6.244780000000006,36.260000000000005,0,3,8,3,33,4,1,1,124.37000000000003,28,2,1,2,5
CHEMBL36419,8.64,439.5210000000002,6.512200000000006,12.47,0,2,8,3,32,4,1,1,119.61300000000004,27,1,1,3,5
CHEMBL43713,6.38,448.00600000000014,6.140700000000006,29.540000000000003,0,3,7,3,32,4,1,1,130.1,28,1,2,0,4
CHEMBL44922,7.28,399.9620000000002,5.3315000000000055,29.540000000000003,0,3,8,2,28,3,1,1,114.75300000000004,24,1,2,0,4
CHEMBL45111,5.55,264.75600000000003,2.7615000000000016,24.83,0,3,2,1,18,3,2,2,73.18400000000004,14,2,1,0,4
CHEMBL46536,7.28,368.908,4.7645000000000035,24.83,0,3,6,2,26,4,2,2,106.89000000000004,22,2,1,0,4
CHEMBL46773,6.0,340.85400000000004,4.331900000000003,24.83,0,3,4,2,24,4,2,2,97.40600000000003,20,2,1,0,4
CHEMBL47068,5.83,371.90800000000013,4.551300000000004,29.540000000000003,0,3,6,2,26,3,1,1,105.51900000000005,22,1,2,0,4
CHEMBL50674,7.62,350.46200000000016,3.6751000000000023,55.56,1,4,3,2,26,4,2,2,103.72740000000005,22,2,2,0,4
CHEMBL50886,5.99,377.48400000000015,4.295500000000004,46.61000000000001,0,4,4,2,28,4,2,2,109.31950000000006,24,1,3,0,4
CHEMBL50997,7.72,377.48400000000015,4.295500000000003,46.61000000000001,0,4,4,2,28,4,2,2,109.31950000000006,24,1,3,0,4
CHEMBL51454,7.23,365.4730000000001,4.101500000000003,38.77,0,4,4,2,27,4,2,2,105.86700000000006,23,1,3,0,4
CHEMBL51896,7.82,351.44600000000014,3.7985000000000024,49.77,1,4,3,2,26,4,2,2,100.97980000000005,22,1,3,0,4
CHEMBL52334,7.91,377.48400000000015,4.295500000000003,46.61000000000001,0,4,4,2,28,4,2,2,109.31950000000006,24,1,3,0,4
CHEMBL65917,6.7,291.782,3.234320000000002,42.160000000000004,0,4,2,2,20,3,1,1,78.08300000000004,15,3,1,0,5
CHEMBL70265,5.0,307.39700000000005,3.6273000000000026,38.25,0,4,6,3,23,3,0,0,93.64000000000006,19,3,1,0,4
CHEMBL70336,5.21,323.4650000000001,4.340600000000004,29.020000000000003,0,4,6,3,23,3,0,0,98.86900000000004,19,3,0,0,4
CHEMBL70690,5.29,345.44600000000014,4.300800000000003,38.25,0,4,3,3,26,5,2,2,103.19700000000006,22,3,1,0,4
CHEMBL72319,5.21,325.4150000000001,5.4699000000000035,37.81,1,3,4,4,25,4,0,0,103.45370000000003,22,3,0,0,3
CHEMBL72650,5.1,311.3880000000001,4.908900000000003,37.81,1,3,4,4,24,4,0,0,98.74270000000003,21,3,0,0,3
CHEMBL76603,7.0,411.5890000000001,6.625900000000007,12.47,0,2,8,3,31,5,2,2,126.81500000000004,29,1,1,0,2
CHEMBL77867,7.6,449.5850000000001,6.805700000000007,12.47,0,2,10,3,33,4,1,1,129.13900000000004,29,1,1,2,4
CHEMBL79490,6.84,447.5690000000001,6.556500000000007,12.47,0,2,8,3,33,5,2,2,126.98100000000005,29,1,1,2,4
CHEMBL80245,6.87,471.64100000000013,6.295500000000007,30.930000000000003,0,4,10,3,35,5,2,2,140.1689999999999,31,1,3,0,4
CHEMBL89752,7.07,308.208,4.495100000000003,32.26,2,2,2,2,20,3,0,1,82.82950000000002,16,1,1,0,4
CHEMBL104567,8.84,339.9100000000001,5.539100000000006,3.24,0,1,4,2,24,4,2,2,101.63600000000005,22,1,0,0,2
CHEMBL106627,9.51,337.8940000000001,5.619700000000005,3.24,0,1,3,2,24,4,2,2,102.34900000000005,22,1,0,0,2
CHEMBL109386,5.63,250.345,3.326780000000002,27.03,0,2,1,2,19,3,1,1,77.97000000000004,17,2,0,0,2
CHEMBL110967,5.08,326.1810000000001,2.7781800000000016,27.03,0,2,1,1,16,2,1,1,73.18100000000004,13,2,0,0,3
CHEMBL111498,4.38,214.31199999999998,2.482,27.03,0,2,1,1,16,2,1,1,65.20100000000004,14,2,0,0,2
CHEMBL112125,5.58,314.86000000000007,4.094800000000003,6.48,0,2,5,2,22,3,1,1,94.86800000000005,19,2,0,0,3
CHEMBL112817,4.97,265.328,2.3522000000000007,29.54,0,3,3,1,19,2,1,1,71.44200000000005,15,1,2,1,4
CHEMBL113144,8.24,387.42600000000016,4.006700000000003,49.769999999999996,1,3,5,2,28,4,2,2,99.83180000000006,22,1,3,2,6
CHEMBL113195,7.5,359.4160000000001,3.666800000000003,32.7,1,3,4,2,26,4,2,2,94.71280000000004,21,1,2,2,5
CHEMBL113336,5.57,269.175,3.480380000000002,27.03,0,2,1,1,17,2,1,1,70.48400000000004,13,2,0,0,4
CHEMBL113479,5.49,373.23400000000015,2.817700000000001,29.54,0,3,3,1,19,2,1,1,84.20100000000005,15,1,2,0,4
CHEMBL113480,5.39,281.783,2.866500000000001,29.54,0,3,3,1,19,2,1,1,76.49400000000004,15,1,2,0,4
CHEMBL113621,10.4,300.8330000000001,3.7047000000000025,6.48,0,2,4,2,21,3,1,1,90.25100000000005,18,2,0,0,3
CHEMBL120901,7.5,303.35800000000006,1.8639,55.84000000000001,0,5,3,1,22,3,2,2,80.26300000000005,17,1,4,0,5
CHEMBL136154,9.0,461.5520000000002,7.119300000000006,25.61,0,3,8,4,34,5,1,1,129.42700000000002,29,1,2,2,5
CHEMBL136249,8.28,445.5530000000001,6.224600000000007,12.47,0,2,7,3,33,4,1,1,127.69600000000004,29,1,1,2,4
CHEMBL136566,7.48,578.8820000000003,7.018800000000006,78.3,0,4,8,2,33,4,2,2,138.7349999999999,25,4,2,0,8
CHEMBL137020,8.79,477.6200000000002,7.587800000000007,12.47,0,3,8,4,34,5,1,1,135.03799999999995,29,1,1,2,5
CHEMBL138156,7.84,550.828,6.238600000000004,78.30000000000001,0,4,6,2,31,4,2,2,129.50099999999998,23,4,2,0,8
CHEMBL138651,7.5,469.05000000000024,6.206700000000006,41.9,0,5,8,2,32,4,2,2,131.898,26,2,2,0,6
CHEMBL145867,5.04,281.403,2.836400000000001,19.37,0,3,5,2,21,3,1,1,87.65300000000005,18,3,0,0,3
CHEMBL159445,8.39,478.6080000000002,6.103300000000006,15.71,0,4,8,4,34,5,1,1,134.13699999999997,28,2,1,2,6
CHEMBL159982,7.51,472.5790000000002,6.0418000000000065,15.71,0,3,8,4,35,5,1,1,136.25999999999993,30,2,1,2,5
CHEMBL160073,9.15,461.55600000000015,5.369900000000005,31.5,1,3,8,4,34,5,1,1,130.6107,28,3,1,2,6
CHEMBL163163,7.21,473.5670000000002,5.436800000000005,28.6,0,4,8,4,35,5,1,1,134.05499999999995,29,3,1,2,6
CHEMBL163272,8.1,472.5790000000002,6.0418000000000065,15.71,0,3,8,4,35,5,1,1,136.25999999999993,30,2,1,2,5
CHEMBL164270,8.19,462.5400000000002,5.634800000000006,28.85,0,4,8,4,34,5,1,1,128.52600000000004,28,2,2,2,6
CHEMBL164297,7.79,473.5670000000002,5.436800000000005,28.6,0,4,8,4,35,5,1,1,134.05499999999995,29,3,1,2,6
CHEMBL169971,7.66,285.387,2.9821000000000017,29.54,0,3,3,1,21,3,2,2,83.01900000000005,18,1,2,0,3
CHEMBL178773,7.66,467.3720000000002,4.759000000000005,29.54,0,4,3,2,25,4,2,2,109.90900000000003,20,1,2,0,5
CHEMBL179498,8.19,327.449,3.8122000000000025,38.33,1,4,3,2,23,4,2,2,92.56470000000004,19,1,2,0,4
CHEMBL180918,8.19,420.3720000000002,4.916900000000005,29.54,0,4,3,2,25,4,2,2,104.89200000000004,20,1,2,0,5
CHEMBL181557,7.91,327.449,3.8122000000000025,38.33,1,4,3,2,23,4,2,2,92.56470000000004,19,1,2,0,4
CHEMBL181609,7.28,341.47600000000017,4.154400000000003,29.54,0,4,3,2,24,4,2,2,97.19200000000006,20,1,2,0,4
CHEMBL183259,7.35,416.278,2.943200000000001,32.34,1,2,4,1,22,3,2,2,93.56470000000003,17,2,1,1,5
CHEMBL184123,7.97,416.30600000000027,4.257900000000003,29.54,0,3,7,1,25,3,2,2,96.03200000000007,19,1,2,2,6
CHEMBL184807,9.14,370.26199999999994,3.5760000000000023,38.33,1,3,5,1,22,3,2,2,86.48670000000004,17,1,2,1,5
CHEMBL185608,8.63,370.262,3.528100000000002,29.540000000000003,0,3,4,1,22,3,2,2,86.49700000000006,17,1,2,1,5
CHEMBL186119,9.24,356.23499999999996,3.185900000000001,38.33,1,3,4,1,21,3,2,2,81.86970000000004,16,1,2,1,5
CHEMBL186306,9.07,403.23499999999996,3.0280000000000014,38.33,1,3,4,1,21,3,2,2,86.88670000000005,16,1,2,1,5
CHEMBL187299,9.28,555.434,3.8062000000000022,72.91,0,6,7,2,31,4,2,2,125.11880000000004,23,1,5,0,8
CHEMBL199407,7.36,336.4350000000001,3.4879000000000024,42.43,0,4,3,2,25,4,2,2,97.11000000000006,21,2,2,0,4
CHEMBL199451,5.8,336.4350000000001,3.4879000000000024,42.43,0,4,3,2,25,4,2,2,97.11000000000006,21,2,2,0,4
CHEMBL199512,7.22,386.4950000000002,4.641100000000004,42.43,0,4,3,3,29,5,2,2,114.61600000000006,25,2,2,0,4
CHEMBL199634,7.58,336.4350000000001,3.4879000000000024,42.43,0,4,3,2,25,4,2,2,97.11000000000006,21,2,2,0,4
CHEMBL199704,8.15,325.4080000000001,3.685900000000002,42.68,0,4,3,2,24,4,2,2,91.58100000000006,20,1,3,0,4
CHEMBL199743,6.48,352.4340000000001,3.154300000000001,60.45,1,5,4,2,26,4,2,2,99.03470000000004,21,2,3,0,5
CHEMBL199850,6.23,366.4610000000001,3.496500000000002,51.660000000000004,0,5,4,2,27,4,2,2,103.66200000000006,22,2,3,0,5
CHEMBL200044,8.43,311.38100000000003,3.343700000000002,51.47,1,4,3,2,23,4,2,2,86.95370000000004,19,1,3,0,4
CHEMBL200698,7.85,325.4080000000001,3.685900000000002,42.68,0,4,3,2,24,4,2,2,91.58100000000006,20,1,3,0,4
CHEMBL200748,7.5,371.42700000000013,4.371100000000004,29.54,0,3,3,2,27,4,2,2,99.23100000000004,22,1,2,2,5
CHEMBL203299,7.6,353.4370000000001,4.232000000000004,29.54,0,3,3,2,26,4,2,2,99.27300000000005,22,1,2,1,4
CHEMBL209651,7.19,402.49400000000014,5.064100000000004,64.4,1,4,7,3,30,4,1,1,117.42510000000003,25,2,3,0,5
CHEMBL209808,6.24,412.5330000000001,4.608000000000003,57.28,3,3,6,4,31,5,1,1,124.01720000000003,27,2,2,0,4
CHEMBL211077,6.65,373.4960000000001,4.861500000000004,41.489999999999995,2,3,6,3,28,4,1,1,112.43550000000003,25,1,2,0,3
CHEMBL211484,6.74,403.5220000000001,4.1353000000000035,50.72,2,4,7,3,30,4,1,1,118.71250000000003,26,1,3,0,4
CHEMBL211994,6.63,389.4950000000001,3.8323000000000027,61.72,3,4,6,3,29,4,1,1,113.82530000000003,25,1,3,0,4
CHEMBL213627,6.85,372.5120000000001,4.738100000000005,47.28,2,3,6,3,28,4,1,1,115.18310000000002,25,2,1,0,3
CHEMBL213823,6.22,315.438,3.623400000000003,29.54,0,4,3,2,22,3,1,1,90.11600000000004,18,1,2,0,4
CHEMBL213921,6.91,385.245,3.300600000000002,29.54,0,3,3,1,20,2,1,1,89.85700000000003,16,1,2,0,4
CHEMBL214234,8.74,369.45500000000015,5.108100000000006,12.47,0,2,5,2,27,4,2,2,102.39300000000006,23,1,1,2,4
CHEMBL214567,6.69,299.37,3.1549000000000014,42.68,0,4,3,2,22,3,1,1,84.50500000000004,18,1,3,0,4
CHEMBL214574,7.4,564.6290000000001,6.396400000000006,81.91,0,6,11,3,41,5,2,2,149.18939999999975,32,2,5,2,9
CHEMBL214923,8.05,401.45300000000003,4.143000000000003,47.56,1,4,6,2,29,4,2,2,104.20170000000006,23,1,3,2,6
CHEMBL215988,6.71,359.207,2.4995000000000003,29.54,0,3,2,1,18,2,1,1,79.52000000000004,14,1,2,0,4
CHEMBL216990,7.63,434.36300000000017,5.123700000000006,38.77,0,4,5,2,29,4,2,2,114.31600000000005,23,1,3,0,6
CHEMBL217018,7.66,448.3900000000002,5.513800000000006,38.77,0,4,6,2,30,4,2,2,118.93300000000005,24,1,3,0,6
CHEMBL217160,7.56,534.647,6.0704000000000065,64.79,1,5,10,3,39,5,2,2,146.94739999999985,32,2,3,2,7
CHEMBL217295,8.47,373.4430000000001,3.914400000000003,32.7,1,3,5,2,27,4,2,2,99.28180000000005,22,1,2,2,5
CHEMBL217456,8.09,457.5610000000001,5.655500000000006,38.77,0,4,9,2,33,4,2,2,122.68000000000006,27,1,3,2,6
CHEMBL217627,7.89,350.46200000000016,3.675100000000003,55.56,1,4,3,2,26,4,2,2,103.72740000000005,22,2,2,0,4
CHEMBL218082,9.38,338.24500000000006,3.1884000000000015,29.54,0,3,2,1,20,3,2,2,81.57900000000005,16,1,2,0,4
CHEMBL245637,6.14,439.2930000000001,3.546100000000002,39.72,1,4,6,2,24,3,1,1,102.29270000000004,19,1,3,0,5
CHEMBL245638,6.73,415.29600000000016,3.7696200000000024,30.49,1,4,4,2,21,3,1,1,94.19370000000005,16,1,2,0,5
CHEMBL245639,6.68,431.29500000000013,3.469800000000002,39.72,1,5,5,2,22,3,1,1,96.00870000000003,16,1,3,0,6
CHEMBL245913,5.6,294.757,3.9152000000000022,38.49,1,3,4,2,20,2,0,0,79.72940000000003,15,2,1,1,5
CHEMBL245915,5.44,290.40700000000004,3.929120000000003,29.259999999999998,1,3,4,2,20,2,0,0,83.50540000000002,16,2,0,1,4
CHEMBL246118,5.74,310.82500000000005,4.2741000000000025,29.259999999999998,1,3,4,2,20,2,0,0,83.77840000000003,15,2,0,1,5
CHEMBL246119,4.17,285.322,3.1334800000000005,62.28,1,4,4,2,21,2,0,0,79.43440000000004,16,3,1,1,5
CHEMBL246120,4.85,301.39000000000004,3.4923800000000016,53.05,1,4,4,2,21,2,0,0,83.48340000000005,16,3,0,1,5
CHEMBL246388,5.55,274.339,3.5702200000000017,38.49,1,3,4,2,20,2,0,0,79.45640000000003,16,2,1,1,4
CHEMBL247284,7.85,454.2640000000001,3.445700000000002,73.63000000000001,1,5,6,2,25,3,1,1,102.39510000000003,18,2,4,0,7
CHEMBL251242,7.38,408.92000000000013,4.317300000000004,15.71,0,3,9,2,28,3,1,1,108.81200000000004,22,2,1,2,6
CHEMBL252758,7.47,360.44800000000015,3.708300000000002,15.71,0,3,7,2,26,3,1,1,99.14900000000006,21,2,1,2,5
CHEMBL252759,8.03,476.61100000000016,5.887400000000006,24.5,1,3,8,3,35,5,1,2,135.14969999999997,30,2,1,2,5
CHEMBL254843,7.0,480.64300000000026,5.904800000000007,15.71,0,3,8,2,35,7,5,5,134.07999999999998,30,2,1,2,5
CHEMBL255054,7.75,492.6100000000001,4.984400000000005,35.94,1,4,8,3,36,5,1,2,136.68779999999992,30,2,2,2,6
CHEMBL255055,7.19,372.4590000000002,3.874400000000003,15.71,0,3,8,2,27,3,1,1,103.67200000000005,22,2,1,2,5
CHEMBL255065,8.89,461.5960000000001,6.9766000000000075,12.47,0,2,9,3,34,5,2,2,131.666,30,1,1,2,4
CHEMBL258511,7.54,400.56600000000014,4.1323000000000025,44.29,3,3,8,3,30,4,1,1,123.69520000000004,27,2,1,0,3
CHEMBL260151,6.83,426.604,4.570700000000005,26.71,1,3,7,3,32,5,2,2,130.83579999999998,29,2,1,0,3
CHEMBL261737,7.95,381.5230000000001,4.6005800000000034,47.85,2,3,6,3,29,4,1,1,117.53640000000003,26,3,0,0,3
CHEMBL263636,7.7,444.5940000000001,5.229900000000005,26.71,1,3,7,3,33,5,2,2,130.65980000000002,29,2,1,1,4
CHEMBL265454,6.19,430.5670000000001,4.839800000000005,26.71,1,3,6,3,32,5,2,2,126.04280000000004,28,2,1,1,4
CHEMBL273878,7.82,502.35600000000017,5.639300000000006,78.3,0,4,4,2,29,4,2,2,120.83800000000002,22,4,2,0,7
CHEMBL275707,7.01,321.46800000000013,3.866800000000003,20.2,1,3,4,3,24,4,1,1,102.56070000000007,21,3,0,0,3
CHEMBL278165,6.02,352.297,4.154200000000004,23.47,1,3,5,2,20,2,0,0,88.02080000000005,16,1,1,0,4
CHEMBL278809,6.09,370.259,3.7440000000000015,38.05,2,3,4,2,18,2,0,0,86.90010000000002,14,2,0,0,4
CHEMBL281288,9.23,261.796,4.092300000000003,3.24,0,1,2,1,18,3,2,2,77.07000000000005,16,1,0,0,2
CHEMBL281388,7.58,415.4800000000002,4.485200000000004,38.77,0,4,6,2,30,4,2,2,108.82900000000005,24,1,3,2,6
CHEMBL281594,7.92,450.5730000000001,5.3212000000000055,15.71,0,3,10,3,33,4,1,1,128.23800000000003,28,2,1,2,5
CHEMBL283154,7.04,477.55100000000016,5.665500000000006,38.77,0,4,7,3,35,5,2,2,128.43400000000005,29,1,3,2,6
CHEMBL284002,6.76,413.3240000000001,4.650400000000005,12.47,0,3,6,2,21,2,0,0,97.82800000000005,17,1,1,0,4
CHEMBL284096,8.68,547.4270000000001,6.977700000000007,12.47,0,2,8,3,32,4,1,1,132.37199999999996,27,1,1,2,5
CHEMBL285673,8.24,435.55800000000016,6.681520000000007,12.47,0,2,8,3,32,4,1,1,124.39200000000004,28,1,1,2,4
CHEMBL286949,7.85,522.6360000000002,4.993000000000006,45.17,1,5,9,3,38,5,1,2,143.2397999999999,31,2,3,2,7
CHEMBL286991,9.05,448.55700000000013,5.401800000000006,15.71,0,3,9,3,33,4,1,1,128.95100000000005,28,2,1,2,5
CHEMBL289013,7.88,451.55700000000013,6.381700000000007,21.700000000000003,0,3,9,3,33,4,1,1,126.20700000000005,28,1,2,2,5
CHEMBL290799,8.92,466.52800000000013,6.281300000000006,55.61,0,4,9,3,34,4,1,1,126.30940000000004,27,2,3,2,7
CHEMBL295880,6.19,306.83700000000005,3.930200000000003,24.83,0,3,2,1,21,3,2,2,87.01300000000005,17,2,1,0,4
CHEMBL296394,7.88,365.4730000000001,4.101500000000003,38.77,0,4,4,2,27,4,2,2,105.86700000000006,23,1,3,0,4
CHEMBL296602,8.77,292.209,4.789500000000003,12.03,1,1,2,2,19,3,0,1,81.16470000000004,16,1,0,0,3
CHEMBL297166,5.7,267.756,2.5483000000000002,29.54,0,3,2,1,18,2,1,1,71.81300000000005,14,1,2,0,4
CHEMBL299635,6.45,365.4730000000001,4.101500000000003,38.77,0,4,4,2,27,4,2,2,105.86700000000006,23,1,3,0,4
CHEMBL300511,8.29,380.44400000000013,4.001100000000003,72.67999999999999,0,5,4,2,28,4,2,2,105.96940000000005,22,2,4,0,6
CHEMBL301174,8.02,380.44400000000013,4.001100000000003,72.67999999999999,0,5,4,2,28,4,2,2,105.96940000000005,22,2,4,0,6
CHEMBL304678,5.54,319.83599999999996,4.049300000000003,42.160000000000004,0,4,3,2,22,3,1,1,87.43500000000006,17,3,1,0,5
CHEMBL305876,6.28,387.4860000000001,6.498300000000005,37.81,1,3,5,5,30,5,0,0,123.32370000000002,27,3,0,0,3
CHEMBL305998,5.27,401.51300000000015,6.540800000000005,37.81,1,3,6,5,31,5,0,0,128.19070000000002,28,3,0,0,3
CHEMBL306314,7.01,411.589,6.278300000000007,12.47,0,2,8,3,31,5,2,2,127.06500000000004,29,1,1,0,2
CHEMBL306359,6.46,480.47900000000004,7.585100000000007,12.47,0,2,8,3,33,5,2,2,137.08499999999992,29,1,1,0,4
CHEMBL306528,6.66,439.64300000000014,6.895140000000008,12.47,0,2,8,3,33,5,2,2,136.53899999999993,31,1,1,0,2
CHEMBL310310,7.52,341.88200000000006,5.071200000000005,12.47,0,2,4,2,24,4,2,2,98.41700000000006,21,1,1,0,3
CHEMBL311044,6.7,446.03400000000005,6.931700000000007,12.47,0,2,8,3,32,5,2,2,132.075,29,1,1,0,3
CHEMBL311347,7.57,385.2450000000001,3.0305000000000017,29.54,0,3,2,1,20,3,2,2,86.59600000000005,16,1,2,0,4
CHEMBL314424,8.46,465.58800000000014,5.234300000000005,29.950000000000003,1,4,10,3,34,4,1,1,133.32179999999994,28,3,1,2,6
CHEMBL315697,7.4,350.2890000000001,5.617500000000005,23.47,1,2,4,2,23,3,0,1,96.69080000000005,19,1,1,0,4
CHEMBL316341,5.88,364.31600000000014,5.920500000000006,12.47,0,2,5,2,24,3,0,1,101.57800000000006,20,1,1,0,4
CHEMBL317757,7.95,343.4170000000001,4.696000000000004,12.47,0,2,4,2,25,4,2,2,93.32300000000005,21,1,1,2,4
CHEMBL318961,9.03,417.262,3.3702000000000023,29.540000000000003,0,3,4,1,22,3,2,2,91.51400000000005,17,1,2,1,5
CHEMBL321888,9.03,277.839,4.706400000000005,3.24,0,1,3,1,19,3,2,2,81.78100000000006,17,1,0,0,2
CHEMBL322365,6.81,319.92000000000013,5.876700000000007,3.24,0,1,6,1,22,3,2,2,95.63200000000008,20,1,0,0,2
CHEMBL322385,7.97,392.9300000000001,6.037320000000006,29.270000000000003,0,3,3,3,28,5,2,2,112.80000000000004,24,2,1,0,4
CHEMBL323600,4.91,261.36499999999995,2.5215200000000006,29.54,0,3,3,1,19,2,1,1,76.22100000000005,16,1,2,0,3
CHEMBL324465,4.8,250.345,3.326780000000002,27.03,0,2,1,2,19,3,1,1,77.97000000000006,17,2,0,0,2
CHEMBL324886,4.66,234.73,2.8269800000000016,27.03,0,2,1,1,16,2,1,1,65.47400000000003,13,2,0,0,3
CHEMBL325330,7.31,299.36400000000003,4.356500000000003,12.03,1,1,2,2,22,4,2,2,82.84470000000005,19,1,0,2,3
CHEMBL326243,6.9,316.2280000000001,3.5199000000000025,29.54,0,3,3,1,20,2,1,1,81.50400000000005,15,1,2,0,5
CHEMBL353112,7.52,315.45700000000016,3.9863000000000035,29.54,0,3,6,1,23,3,2,2,92.34700000000007,20,1,2,0,3
CHEMBL353240,7.55,333.4750000000001,4.916000000000005,20.310000000000002,0,2,5,2,25,4,2,2,101.86950000000006,23,1,1,0,2
CHEMBL353307,7.8,319.4920000000001,5.275800000000006,3.24,0,1,5,2,24,4,2,2,101.24300000000007,23,1,0,0,1
CHEMBL353829,7.7,313.4410000000001,3.7623000000000033,29.54,0,3,5,1,23,3,2,2,92.25300000000006,20,1,2,0,3
CHEMBL353860,7.64,287.403,3.206100000000002,29.54,0,3,4,1,21,3,2,2,83.11300000000006,18,1,2,0,3
CHEMBL354879,7.96,259.39300000000003,3.025400000000001,23.47,1,2,4,1,19,3,2,2,78.18280000000006,17,1,1,0,2
CHEMBL362565,8.91,508.4340000000001,3.964100000000003,72.91,0,6,7,2,31,4,2,2,120.10180000000004,23,1,5,0,8
CHEMBL365413,7.59,369.278,3.1011000000000015,32.34,1,2,4,1,22,3,2,2,88.54770000000005,17,2,1,1,5
CHEMBL365623,9.28,324.21799999999996,2.8462000000000005,38.33,1,3,2,1,19,3,2,2,76.95170000000005,15,1,2,0,4
CHEMBL365649,8.72,384.289,3.9182000000000032,29.540000000000003,0,3,5,1,23,3,2,2,91.11400000000005,18,1,2,1,5
CHEMBL369098,8.36,375.92100000000016,4.807800000000005,29.54,0,4,3,2,25,4,2,2,102.20200000000006,20,1,2,0,5
CHEMBL370805,3.41,303.35800000000006,1.8677,55.84,0,5,3,1,22,3,2,2,80.34150000000005,17,1,4,0,5
CHEMBL372121,6.46,337.4230000000001,2.882900000000001,55.32,0,5,3,2,25,4,2,2,94.90500000000006,20,3,2,0,5
CHEMBL377129,5.82,373.49600000000004,4.126700000000003,41.49,2,3,6,3,28,4,1,1,112.16050000000003,25,1,2,0,3
CHEMBL378437,6.33,396.53400000000005,5.637200000000004,37.05,2,2,6,4,30,5,1,1,122.62740000000004,27,2,1,0,3
CHEMBL381249,6.26,378.51600000000013,4.158900000000004,32.78,0,4,4,2,28,4,2,2,113.64200000000007,24,2,2,0,4
CHEMBL381418,7.16,328.437,3.207200000000001,51.22,1,5,3,2,23,4,2,2,90.35970000000005,18,2,2,0,5
CHEMBL382943,6.28,342.46400000000017,3.549400000000002,42.43,0,5,3,2,24,4,2,2,94.98700000000005,19,2,2,0,5
CHEMBL383572,6.92,337.4230000000001,2.882900000000001,55.32,0,5,3,2,25,4,2,2,94.90500000000006,20,3,2,0,5
CHEMBL384104,7.96,441.5180000000001,5.041400000000005,38.77,0,4,8,2,32,4,2,2,117.96900000000005,26,1,3,2,6
CHEMBL384482,8.43,429.5070000000002,4.875300000000005,38.77,0,4,7,2,31,4,2,2,113.44600000000005,25,1,3,2,6
CHEMBL385942,6.87,476.3580000000002,4.279700000000003,55.56,1,4,3,2,27,4,2,2,116.44440000000002,22,2,2,0,5
CHEMBL394320,5.36,260.31199999999995,3.261800000000001,38.49,1,3,4,2,19,2,0,0,74.71940000000002,15,2,1,1,4
CHEMBL394965,5.5,439.2930000000001,3.7984000000000027,39.72,1,4,6,2,24,3,1,1,102.74870000000003,19,1,3,0,5
CHEMBL396328,6.39,395.2400000000002,3.399700000000002,30.49,1,3,4,2,21,3,1,1,91.57970000000005,17,1,2,0,4
CHEMBL400707,7.4,374.47500000000014,4.098400000000003,15.71,0,3,8,2,27,3,1,1,103.76600000000005,22,2,1,2,5
CHEMBL403575,7.7,446.5410000000001,4.740100000000004,15.71,0,3,7,3,33,4,1,1,126.79500000000004,28,2,1,2,5
CHEMBL408192,7.65,412.57700000000006,5.175900000000006,15.71,0,3,6,3,31,5,2,2,126.51400000000004,28,2,1,0,3
CHEMBL409161,8.96,500.42700000000013,7.135600000000007,12.47,0,2,8,3,32,4,1,1,127.35500000000003,27,1,1,2,5
CHEMBL412263,5.98,412.5770000000001,4.700700000000004,26.71,1,3,6,3,31,5,2,2,126.08480000000003,28,2,1,0,3
CHEMBL413927,8.33,427.49100000000016,4.6513000000000035,38.77,0,4,6,2,31,4,2,2,113.35200000000005,25,1,3,2,6
CHEMBL416409,9.15,471.5910000000002,7.526300000000007,12.47,0,2,8,4,35,5,1,1,137.16099999999992,31,1,1,2,4
CHEMBL419744,5.94,297.3980000000001,3.3663000000000025,29.54,0,3,3,2,22,3,1,1,88.99000000000005,19,1,2,0,3
CHEMBL420291,8.73,243.39399999999995,4.0530000000000035,3.24,0,1,3,1,18,3,2,2,76.77100000000006,17,1,0,0,1
CHEMBL421679,5.04,319.40800000000013,3.7698000000000027,38.25,0,4,3,3,24,4,1,1,96.12100000000007,20,3,1,0,4
CHEMBL428704,7.31,429.5070000000002,4.873700000000005,38.77,0,4,6,2,31,4,2,2,113.42400000000005,25,1,3,2,6
CHEMBL429015,7.88,414.54000000000013,5.0495000000000045,38.489999999999995,1,3,7,2,30,4,2,2,115.07940000000006,25,2,1,2,5
CHEMBL429065,6.12,385.27000000000004,3.654100000000003,32.26,2,3,5,2,19,2,0,0,88.41050000000003,15,1,1,0,4
CHEMBL429658,5.73,463.23700000000014,4.418500000000003,30.49,1,3,4,2,25,3,1,1,96.58170000000003,18,1,2,3,7
CHEMBL432401,8.92,291.866,5.096500000000006,3.24,0,1,4,1,20,3,2,2,86.39800000000007,18,1,0,0,2
CHEMBL433138,6.22,449.5850000000001,6.805700000000007,12.47,0,2,10,3,33,4,1,1,129.13900000000004,29,1,1,2,4
CHEMBL433159,8.48,384.28900000000016,3.9182000000000032,29.54,0,3,5,1,23,3,2,2,91.11400000000006,18,1,2,1,5
CHEMBL433560,6.74,420.3720000000002,4.9169000000000045,29.54,0,4,3,2,25,4,2,2,104.89200000000004,20,1,2,0,5
CHEMBL434093,7.25,473.5670000000002,5.436800000000005,28.6,0,4,8,4,35,5,1,1,134.05499999999998,29,3,1,2,6
CHEMBL435287,7.92,341.47600000000017,4.154400000000003,29.54,0,4,3,2,24,4,2,2,97.19200000000006,20,1,2,0,4
CHEMBL439030,6.13,409.26700000000017,3.7081200000000027,30.49,1,3,4,2,22,3,1,1,96.31670000000004,18,1,2,0,4
CHEMBL440272,7.61,383.482,5.476200000000006,12.47,0,2,6,2,28,5,3,3,104.99000000000004,24,1,1,2,4
CHEMBL443649,7.44,597.7500000000002,7.418000000000009,36.02,0,5,14,4,44,5,1,1,171.9579999999995,37,3,2,2,7
CHEMBL444690,7.29,611.777,7.808100000000009,36.02,0,5,15,4,45,5,1,1,176.57499999999945,38,3,2,2,7
CHEMBL487088,7.47,535.6790000000001,6.065200000000007,36.02,0,5,13,3,39,4,1,1,152.23699999999974,32,3,2,2,7
CHEMBL489601,8.49,519.6360000000002,5.451100000000006,36.02,0,5,12,3,38,4,1,1,147.52599999999978,31,3,2,2,7
CHEMBL490424,7.82,521.6520000000003,5.675100000000006,36.02,0,5,12,3,38,4,1,1,147.6199999999998,31,3,2,2,7
CHEMBL495520,8.27,465.5880000000001,4.714200000000004,29.950000000000003,1,4,10,3,34,4,1,1,133.45579999999998,28,3,1,2,6
CHEMBL495726,7.66,507.6250000000002,5.2850000000000055,36.02,0,5,11,3,37,4,1,1,143.00299999999984,30,3,2,2,7
CHEMBL496753,8.17,519.6360000000002,5.971200000000007,36.02,0,5,12,3,38,4,1,1,147.39199999999977,31,3,2,2,7
CHEMBL497586,8.25,521.6520000000002,6.195200000000007,36.02,0,5,12,3,38,4,1,1,147.4859999999998,31,3,2,2,7
CHEMBL498600,8.37,507.62500000000017,5.805100000000006,36.02,0,5,11,3,37,4,1,1,142.86899999999983,30,3,2,2,7
CHEMBL502790,8.03,535.6790000000002,6.441200000000007,36.02,0,5,12,3,39,4,1,1,152.03299999999973,32,3,2,2,7
CHEMBL505059,7.83,583.7230000000002,7.027900000000008,36.02,0,5,13,4,43,5,1,1,167.3409999999995,36,3,2,2,7
CHEMBL507255,8.16,583.7230000000002,6.507800000000008,36.02,0,5,13,4,43,5,1,1,167.47499999999957,36,3,2,2,7
CHEMBL521582,5.44,355.52200000000005,4.981200000000006,21.700000000000003,0,3,12,2,26,2,0,0,109.36100000000006,23,1,2,0,3
CHEMBL534500,5.76,267.7559999999999,2.7387000000000006,38.33,1,3,3,1,18,2,1,1,71.85070000000005,14,1,2,0,4
CHEMBL534501,8.38,312.284,5.361400000000005,3.24,0,1,2,1,20,3,2,2,86.81300000000006,17,1,0,0,3
CHEMBL534502,5.2,175.275,2.3712,12.03,1,1,2,1,13,2,1,1,55.78770000000004,12,1,0,0,1
CHEMBL537206,7.12,215.33999999999997,3.4185000000000025,3.24,0,1,1,1,16,3,2,2,67.62900000000005,15,1,0,0,1
CHEMBL537209,6.39,205.30099999999993,1.9045999999999998,32.26,2,2,3,1,15,2,1,1,61.91050000000004,13,1,1,0,2
CHEMBL537429,6.32,249.78499999999988,4.071900000000003,3.24,0,1,1,1,17,3,2,2,72.63900000000004,15,1,0,0,2
CHEMBL537430,5.12,217.35600000000002,3.664500000000003,3.24,0,1,3,1,16,2,1,1,69.74300000000005,15,1,0,0,1
CHEMBL537431,7.05,219.32799999999995,2.5587,21.259999999999998,1,2,4,1,16,2,1,1,66.70070000000004,14,1,1,0,2
CHEMBL537652,7.45,300.22900000000004,3.696100000000003,23.47,1,2,1,1,19,3,2,2,79.03880000000005,15,1,1,0,4
CHEMBL537653,8.41,274.191,3.211400000000001,32.26,2,2,3,1,17,2,1,1,71.93050000000004,13,1,1,0,4
CHEMBL537654,6.44,302.2010000000001,3.392100000000002,38.33,1,3,3,1,19,2,1,1,76.86070000000004,14,1,2,0,5
CHEMBL537875,7.56,243.39400000000003,4.054600000000003,3.24,0,1,2,1,18,3,2,2,76.79300000000006,17,1,0,0,1
CHEMBL538405,9.14,460.56800000000015,6.854400000000006,28.259999999999998,1,2,8,4,34,5,1,1,131.5117,29,2,1,2,5
CHEMBL540625,6.76,259.393,3.169500000000002,23.47,1,2,2,1,19,3,2,2,78.25280000000006,17,1,1,0,2
CHEMBL541134,6.04,229.32300000000004,2.597500000000001,20.310000000000002,0,2,1,1,17,3,2,2,68.01900000000005,15,1,1,0,2
CHEMBL541895,6.75,229.36699999999993,3.664500000000002,3.24,0,1,1,1,17,3,2,2,72.17600000000006,16,1,0,0,1
CHEMBL541898,5.18,229.32299999999995,2.945100000000002,20.310000000000002,0,1,1,1,17,3,2,2,67.76900000000005,15,1,1,0,2
CHEMBL553859,5.68,233.35500000000002,2.6369000000000007,23.47,1,2,4,1,17,2,1,1,71.15480000000005,15,1,1,0,2
CHEMBL553921,5.2,231.33900000000003,2.3893000000000004,23.47,1,2,1,1,17,3,2,2,69.01880000000006,15,1,1,0,2
CHEMBL554565,6.22,322.23500000000007,4.798100000000003,21.259999999999998,1,2,3,2,21,3,0,1,87.71670000000005,17,1,1,0,4
CHEMBL556366,5.34,161.248,2.1536,12.03,1,1,1,1,12,2,1,1,51.28670000000003,11,1,0,0,1
CHEMBL558394,7.85,298.213,3.9043000000000037,20.310000000000002,0,2,1,1,19,3,2,2,78.03900000000004,15,1,1,0,4
CHEMBL559186,7.46,284.2299999999999,4.725300000000003,3.24,0,1,1,1,18,3,2,2,77.64900000000004,15,1,0,0,3
CHEMBL570638,5.98,203.26,2.7334000000000005,12.03,1,1,1,1,15,3,1,2,58.93970000000003,13,1,0,1,2
CHEMBL570871,5.83,253.267,3.613100000000002,12.03,1,1,1,1,18,3,1,2,63.983700000000034,14,1,0,3,4
CHEMBL576092,5.91,185.26999999999998,2.5943000000000005,12.03,1,1,1,1,14,3,1,2,58.98170000000004,13,1,0,0,1
CHEMBL576508,6.64,219.71499999999997,3.247700000000001,12.03,1,1,1,1,15,3,1,2,63.99170000000004,13,1,0,0,2
CHEMBL578130,7.8,254.15999999999997,3.9011000000000022,12.03,1,1,1,1,16,3,1,2,69.00170000000003,13,1,0,0,3
CHEMBL607001,6.58,389.4890000000001,6.269100000000006,3.24,0,1,4,3,29,5,2,2,111.69400000000002,26,1,0,2,3
CHEMBL607002,7.8,417.5430000000002,6.701700000000007,3.24,0,1,6,3,31,5,2,2,121.17800000000003,28,1,0,2,3
CHEMBL607055,8.22,291.43800000000005,4.728920000000004,3.24,0,1,2,2,22,4,2,2,92.29300000000006,21,1,0,0,1
CHEMBL607056,7.06,431.5700000000002,7.091800000000007,3.24,0,1,7,3,32,5,2,2,125.79500000000003,29,1,0,2,3
CHEMBL607057,9.02,381.56300000000016,6.3418200000000065,3.24,0,1,5,3,29,5,2,2,121.38200000000003,28,1,0,0,1
CHEMBL607058,7.66,437.50500000000017,6.287000000000005,12.47,0,2,6,3,32,5,2,2,118.31000000000003,27,1,1,3,5
CHEMBL607107,8.0,403.51600000000013,6.3116000000000065,3.24,0,1,5,3,30,5,2,2,116.56100000000002,27,1,0,2,3
CHEMBL607109,7.51,313.3910000000001,4.698700000000004,3.24,0,1,2,2,23,4,2,2,87.47200000000005,20,1,0,2,3
CHEMBL610897,9.08,293.794,3.0793000000000017,29.54,0,3,2,1,20,3,2,2,78.88900000000005,16,1,2,0,4
CHEMBL611177,6.95,411.283,3.7448000000000032,29.54,0,3,4,1,22,3,2,2,95.98200000000006,18,1,2,0,4
CHEMBL611178,7.85,409.26700000000005,3.033900000000002,29.540000000000003,0,3,3,1,22,3,2,2,94.37200000000003,18,1,2,0,4
CHEMBL611179,6.3,453.364,4.697300000000004,29.54,0,3,6,1,25,3,2,2,109.97700000000005,21,1,2,0,4
CHEMBL611180,7.52,537.1790000000001,4.349400000000004,29.54,0,3,4,1,23,3,2,2,108.69900000000005,18,1,2,0,5
CHEMBL611181,7.03,475.37000000000023,4.909320000000005,29.54,0,3,4,2,27,4,2,2,115.55500000000004,23,1,2,0,4
CHEMBL611424,7.52,490.1790000000001,4.309300000000004,29.540000000000003,0,3,4,1,23,3,2,2,103.60600000000004,18,1,2,0,5
CHEMBL611426,7.82,425.31000000000006,3.9768000000000034,29.540000000000003,0,3,4,1,23,3,2,2,100.35300000000004,19,1,2,0,4
CHEMBL611427,6.3,453.36400000000003,4.868200000000005,29.54,0,3,5,1,25,3,2,2,110.07100000000007,21,1,2,0,4
CHEMBL1201082,6.11,309.33099999999996,4.435000000000003,21.259999999999998,1,2,6,2,22,2,0,0,79.79870000000004,17,1,1,3,5
CHEMBL1201203,6.93,307.43700000000007,4.417800000000004,12.47,0,2,4,2,23,4,2,2,93.40700000000007,21,1,1,0,2
CHEMBL1203942,6.24,245.36600000000004,3.043400000000002,12.47,0,2,2,1,18,3,2,2,73.80900000000005,16,1,1,0,2
CHEMBL1212960,6.31,393.47700000000003,5.747400000000006,12.47,0,2,6,3,29,4,0,1,111.59300000000005,25,1,1,2,4
CHEMBL1214690,5.6,444.3770000000001,6.915100000000006,12.47,0,2,6,3,30,4,0,1,121.65500000000003,25,1,1,1,5
CHEMBL1214769,5.86,409.9320000000001,6.261700000000006,12.47,0,2,6,3,29,4,0,1,116.64500000000002,25,1,1,1,4
CHEMBL1214770,5.7,435.9700000000001,6.7651000000000066,12.47,0,2,7,3,31,4,0,1,126.57900000000002,27,1,1,1,4
CHEMBL1214771,6.27,375.487,5.608300000000005,12.47,0,2,6,3,28,4,0,1,111.63500000000005,25,1,1,1,3
CHEMBL1214842,5.94,401.52500000000003,6.111700000000006,12.47,0,2,7,3,30,4,0,1,121.56900000000003,27,1,1,1,3
CHEMBL1214843,5.87,425.285,4.545900000000004,12.47,0,2,5,2,23,3,0,1,98.91600000000004,19,1,1,1,4
CHEMBL1214844,5.1,426.53500000000014,5.983380000000007,36.26,0,3,7,3,32,4,0,1,126.28400000000003,28,2,1,1,4
CHEMBL1214907,5.65,378.285,4.703800000000005,12.47,0,2,5,2,23,3,0,1,93.89900000000004,19,1,1,1,4
CHEMBL1214909,5.74,401.5250000000001,6.111700000000006,12.47,0,2,7,3,30,4,0,1,121.56900000000003,27,1,1,1,3
CHEMBL1215759,6.67,378.285,4.703800000000004,12.47,0,2,5,2,23,3,0,1,93.89900000000004,19,1,1,1,4
CHEMBL1215760,5.75,375.4870000000001,5.608300000000005,12.47,0,2,6,3,28,4,0,1,111.63500000000003,25,1,1,1,3
CHEMBL1215761,5.77,390.5020000000001,5.1905000000000046,38.49,1,3,6,3,29,4,0,1,116.04740000000004,25,2,1,1,4
CHEMBL1215763,6.13,400.4970000000001,5.479980000000006,36.26,0,3,6,3,30,4,0,1,116.35000000000004,26,2,1,1,4
CHEMBL1288490,5.46,359.2070000000001,2.475500000000001,38.33,1,3,3,1,18,2,1,1,79.57370000000004,14,1,2,0,4
CHEMBL1289072,5.53,378.2990000000002,4.700200000000005,29.540000000000003,0,3,4,2,25,3,1,1,101.10900000000004,20,1,2,0,5
CHEMBL1289073,5.55,408.3250000000002,4.7088000000000045,38.77,0,4,5,2,27,3,1,1,107.66100000000004,21,1,3,0,6
CHEMBL1289190,5.82,423.29600000000016,4.608400000000004,72.68,0,5,5,2,28,3,1,1,107.76340000000003,20,2,4,0,8
CHEMBL1289191,5.28,447.1890000000002,6.007000000000004,29.540000000000003,0,3,4,2,27,3,1,1,111.12900000000005,20,1,2,0,7
CHEMBL1289302,5.59,457.19500000000016,5.462700000000004,29.540000000000003,0,3,4,2,26,3,1,1,108.80900000000004,20,1,2,0,6
CHEMBL1289303,5.46,504.19500000000016,5.304800000000005,29.540000000000003,0,3,4,2,26,3,1,1,113.82600000000004,20,1,2,0,6
CHEMBL1289420,5.25,454.3970000000003,6.367200000000006,29.540000000000003,0,3,5,3,31,4,1,1,126.54500000000004,26,1,2,0,5
CHEMBL1289421,5.64,385.5070000000002,5.060400000000005,29.540000000000003,0,3,5,3,29,4,1,1,116.52500000000003,26,1,2,0,3
CHEMBL1289533,6.04,364.27200000000016,4.358000000000004,38.33,1,3,4,2,24,3,1,1,96.48170000000005,19,1,2,0,5
CHEMBL1289534,5.9,394.2980000000002,4.366600000000004,47.56,1,4,5,2,26,3,1,1,103.03370000000004,20,1,3,0,6
CHEMBL1289642,5.89,409.26900000000023,4.266200000000003,81.47,1,5,5,2,27,3,1,1,103.13610000000004,19,2,4,0,8
CHEMBL1289643,5.54,433.16200000000026,5.664800000000003,38.33,1,3,4,2,26,3,1,1,106.50170000000003,19,1,2,0,7
CHEMBL1289747,5.65,432.26900000000023,5.376800000000003,38.33,1,3,4,2,28,3,1,1,101.48370000000004,20,1,2,3,8
CHEMBL1289748,5.96,371.48000000000013,4.718200000000004,38.33,1,3,5,3,28,4,1,1,111.89770000000004,25,1,2,0,3
CHEMBL1289854,5.53,451.3040000000002,3.6644000000000023,47.56,1,4,5,2,25,3,1,1,105.73070000000004,20,1,3,0,5
CHEMBL1289855,5.75,466.27500000000015,3.564000000000002,81.47,1,5,5,2,26,3,1,1,105.83310000000003,19,2,4,0,7
CHEMBL1289972,5.36,490.1680000000002,4.962600000000004,38.33,1,3,4,2,25,3,1,1,109.19870000000003,19,1,2,0,6
CHEMBL1289973,6.05,375.4680000000002,4.213000000000004,47.56,1,4,5,3,28,4,1,1,110.51970000000004,24,1,3,0,4
CHEMBL1290067,6.13,390.4390000000002,4.112600000000002,81.47,1,5,5,3,29,4,1,1,110.62210000000006,23,2,4,0,6
CHEMBL1290068,5.49,414.3320000000002,5.511200000000005,38.33,1,3,4,3,28,4,1,1,113.98770000000005,23,1,2,0,5
CHEMBL1290174,5.31,428.35900000000026,5.853400000000005,29.540000000000003,0,3,4,3,29,4,1,1,118.61500000000004,24,1,2,0,5
CHEMBL1290622,6.49,302.2010000000001,3.1777000000000015,38.33,1,3,3,1,19,2,1,1,76.87670000000004,14,1,2,0,5
CHEMBL1290741,5.49,309.4090000000001,3.5379000000000014,38.33,1,3,4,2,23,3,1,1,92.29270000000005,20,1,2,0,3
CHEMBL1290742,6.15,283.37100000000004,3.0241000000000007,38.33,1,3,3,2,21,3,1,1,84.36270000000005,18,1,2,0,3
CHEMBL1516187,6.85,243.375,3.467900000000002,26.02,1,2,5,2,17,2,0,0,76.23940000000005,15,1,0,0,2
CHEMBL1672355,5.12,273.357,2.01,66.15,1,2,5,2,19,2,0,0,76.93080000000003,15,1,2,0,4
CHEMBL1672356,5.8,293.338,3.272700000000002,43.09,1,2,5,2,20,2,0,0,76.29540000000003,15,1,1,2,5
CHEMBL1672357,5.65,326.24800000000005,4.301300000000003,43.09,1,2,5,2,20,2,0,0,86.39940000000001,15,1,1,0,5
CHEMBL1672358,5.71,415.15000000000003,4.5195000000000025,43.09,1,2,5,2,20,2,0,0,91.77940000000002,15,1,1,0,5
CHEMBL1672359,5.66,309.337,2.2882,66.15,1,2,5,2,21,2,0,0,76.84680000000003,15,1,2,2,6
CHEMBL1672360,6.04,342.24700000000007,3.3168000000000015,66.15,1,2,5,2,21,2,0,0,86.95080000000002,15,1,2,0,6
CHEMBL1672361,6.22,431.14900000000006,3.535000000000002,66.15,1,2,5,2,21,2,0,0,92.33080000000002,15,1,2,0,6
CHEMBL1672362,4.78,285.41200000000003,3.597400000000002,20.310000000000002,0,2,5,2,20,2,0,0,85.87900000000005,17,1,1,0,3
CHEMBL1672363,5.02,321.392,3.875600000000003,20.310000000000002,0,2,5,2,22,2,0,0,85.79500000000003,17,1,1,2,5
CHEMBL1672364,5.35,354.302,4.904200000000004,20.310000000000002,0,2,5,2,22,2,0,0,95.89900000000003,17,1,1,0,5
CHEMBL1672365,5.61,443.20400000000006,5.122400000000003,20.310000000000002,0,2,5,2,22,2,0,0,101.27900000000004,17,1,1,0,5
CHEMBL1672368,4.46,370.30100000000004,3.9197000000000024,43.370000000000005,0,2,5,2,23,2,0,0,96.45040000000003,17,1,2,0,6
CHEMBL1672369,4.67,459.2030000000001,4.137900000000003,43.370000000000005,0,2,5,2,23,2,0,0,101.83040000000004,17,1,2,0,6
CHEMBL1672370,5.61,356.2740000000001,3.5775000000000023,52.16,1,2,5,2,22,2,0,0,91.82310000000003,16,1,2,0,6
CHEMBL1672371,5.78,445.17600000000004,3.795700000000002,52.16,1,2,5,2,22,2,0,0,97.20310000000002,16,1,2,0,6
CHEMBL1672372,5.58,391.5360000000002,4.273700000000003,52.16,1,2,9,3,28,3,0,0,115.50910000000005,24,1,2,0,4
CHEMBL1672374,6.71,377.5530000000001,4.747100000000004,35.089999999999996,1,2,10,3,27,3,0,0,115.36910000000003,24,1,1,0,3
CHEMBL1672377,5.54,356.3180000000001,4.393100000000004,26.299999999999997,0,2,6,2,22,2,0,0,96.31040000000004,17,1,1,0,5
CHEMBL1927860,6.89,333.4750000000001,4.975600000000005,12.47,0,2,5,2,25,4,2,2,102.56900000000006,23,1,1,0,2
CHEMBL1927861,7.72,369.4550000000001,5.2538000000000045,12.47,0,2,5,2,27,4,2,2,102.48500000000006,23,1,1,2,4
CHEMBL1927866,7.32,409.5730000000002,6.5460000000000065,12.47,0,2,7,3,31,5,2,2,126.79100000000004,29,1,1,0,2
CHEMBL1927867,8.1,445.55300000000005,6.8242000000000065,12.47,0,2,7,3,33,5,2,2,126.70700000000004,29,1,1,2,4
CHEMBL1927868,6.54,347.5020000000001,5.365700000000006,12.47,0,2,6,2,26,4,2,2,107.18600000000006,24,1,1,0,2
CHEMBL1927869,7.4,383.4820000000001,5.643900000000006,12.47,0,2,6,2,28,4,2,2,107.10200000000006,24,1,1,2,4
CHEMBL1927870,6.61,361.52900000000005,5.755800000000006,12.47,0,2,7,2,27,4,2,2,111.80300000000005,25,1,1,0,2
CHEMBL1927871,7.39,397.50900000000007,6.034000000000006,12.47,0,2,7,2,29,4,2,2,111.71900000000005,25,1,1,2,4
CHEMBL1927872,6.84,359.5130000000001,5.531800000000006,12.47,0,2,7,2,27,4,2,2,111.70900000000005,25,1,1,0,2
CHEMBL1927873,7.68,395.4930000000001,5.810000000000006,12.47,0,2,7,2,29,4,2,2,111.62500000000004,25,1,1,2,4
CHEMBL1927874,6.27,357.49700000000007,4.979000000000005,12.47,0,2,6,2,27,4,2,2,110.34500000000004,25,1,1,0,2
CHEMBL1927876,6.77,373.54000000000025,5.755800000000006,12.47,0,2,7,2,28,5,3,3,114.23600000000006,26,1,1,0,2
CHEMBL1927877,8.4,409.5200000000001,6.034000000000006,12.47,0,2,7,2,30,5,3,3,114.15200000000004,26,1,1,2,4
CHEMBL1927878,8.15,427.5630000000001,6.6851000000000065,12.47,0,2,7,3,32,5,2,2,126.74900000000002,29,1,1,1,3
CHEMBL1927879,8.31,463.5430000000001,6.9633000000000065,12.47,0,2,7,3,34,5,2,2,126.66500000000003,29,1,1,3,5
CHEMBL1927880,8.12,444.0180000000001,7.199400000000007,12.47,0,2,7,3,32,5,2,2,131.80099999999996,29,1,1,0,3
CHEMBL1927881,8.41,479.9980000000001,7.477600000000007,12.47,0,2,7,3,34,5,2,2,131.71699999999998,29,1,1,2,5
CHEMBL1927882,7.89,423.6000000000001,6.854420000000007,12.47,0,2,7,3,32,5,2,2,131.528,30,1,1,0,2
CHEMBL1927883,8.21,459.5800000000001,7.132620000000006,12.47,0,2,7,3,34,5,2,2,131.444,30,1,1,2,4
CHEMBL2079586,7.36,277.33899999999994,2.5650000000000004,29.54,0,3,2,1,20,3,2,2,73.83700000000005,16,1,2,1,4
CHEMBL2112508,7.24,401.45300000000015,4.095100000000003,38.77,0,4,5,2,29,4,2,2,104.21200000000005,23,1,3,2,6
CHEMBL2112509,7.12,415.48000000000013,4.485200000000004,38.77,0,4,6,2,30,4,2,2,108.82900000000005,24,1,3,2,6
CHEMBL2112510,6.82,429.5070000000001,4.873700000000005,38.77,0,4,6,2,31,4,2,2,113.42400000000006,25,1,3,2,6
CHEMBL2112511,6.92,477.5510000000003,5.665500000000006,38.769999999999996,0,4,7,3,35,5,2,2,128.43400000000003,29,1,3,2,6
CHEMBL2112512,6.83,443.5340000000001,5.121300000000005,38.77,0,4,7,2,32,4,2,2,117.99300000000007,26,1,3,2,6
CHEMBL2112513,6.97,463.5240000000002,5.527700000000006,38.769999999999996,0,4,6,3,34,5,2,2,124.27300000000002,28,1,3,2,6
CHEMBL2112514,6.77,491.5780000000003,5.708000000000006,38.769999999999996,0,4,8,3,36,5,2,2,133.30099999999996,30,1,3,2,6
CHEMBL2112515,7.09,437.50800000000015,3.6507000000000023,55.84000000000001,0,5,6,2,30,4,2,2,108.42280000000005,22,1,4,2,8
CHEMBL2112516,6.76,449.49700000000007,5.185500000000005,47.56,1,4,6,3,33,5,2,2,119.64570000000003,27,1,3,2,6
CHEMBL2113648,7.77,425.31,4.053220000000003,29.54,0,3,4,1,23,3,2,2,100.71900000000005,19,1,2,0,4
CHEMBL2113649,7.38,461.3430000000002,4.600900000000004,29.54,0,3,4,2,26,4,2,2,110.81800000000003,22,1,2,0,4
CHEMBL2113650,7.54,480.1730000000001,5.051600000000004,29.54,0,3,4,1,24,3,2,2,106.00200000000005,18,1,2,0,6
CHEMBL2308105,8.07,461.59600000000006,7.089100000000007,12.47,0,2,9,3,34,5,2,2,131.646,30,1,1,2,4
CHEMBL2402543,5.42,308.208,4.008700000000002,21.259999999999998,1,2,4,2,20,3,1,1,82.24070000000003,16,1,1,0,4
CHEMBL2402544,5.42,342.6530000000001,4.662100000000002,21.259999999999998,1,2,4,2,21,3,1,1,87.25070000000002,16,1,1,0,5
CHEMBL2402545,5.89,308.20799999999997,4.008700000000002,21.259999999999998,1,2,4,2,20,3,1,1,82.24070000000003,16,1,1,0,4
CHEMBL2402546,5.52,342.6530000000001,4.662100000000002,21.259999999999998,1,2,4,2,21,3,1,1,87.25070000000002,16,1,1,0,5
CHEMBL2402547,5.43,377.09800000000007,5.315500000000002,21.259999999999998,1,2,4,2,22,3,1,1,92.26070000000001,16,1,1,0,6
CHEMBL2402548,5.76,253.345,3.044100000000002,12.47,0,2,4,2,19,3,1,1,76.84800000000006,17,1,1,0,2
CHEMBL2402549,5.41,287.79,3.6975000000000025,12.47,0,2,4,2,20,3,1,1,81.85800000000005,17,1,1,0,3
CHEMBL2402550,5.92,322.235,4.350900000000004,12.47,0,2,4,2,21,3,1,1,86.86800000000005,17,1,1,0,4
CHEMBL2402551,5.85,287.79,3.6975000000000025,12.47,0,2,4,2,20,3,1,1,81.85800000000005,17,1,1,0,3
CHEMBL2402552,5.69,322.235,4.350900000000004,12.47,0,2,4,2,21,3,1,1,86.86800000000005,17,1,1,0,4
CHEMBL2402553,6.01,356.68000000000006,5.004300000000003,12.47,0,2,4,2,22,3,1,1,91.87800000000003,17,1,1,0,5
CHEMBL2402554,6.21,322.235,4.350900000000004,12.47,0,2,4,2,21,3,1,1,86.86800000000005,17,1,1,0,4
CHEMBL2402555,5.64,356.68000000000006,5.004300000000003,12.47,0,2,4,2,22,3,1,1,91.87800000000004,17,1,1,0,5
CHEMBL2402556,6.36,391.1250000000001,5.657700000000003,12.47,0,2,4,2,23,3,1,1,96.88800000000002,17,1,1,0,6
CHEMBL2402557,5.31,239.318,2.7019,21.259999999999998,1,2,4,2,18,3,1,1,72.22070000000004,16,1,1,0,2
CHEMBL2402558,5.44,273.763,3.3553000000000006,21.259999999999998,1,2,4,2,19,3,1,1,77.23070000000004,16,1,1,0,3
CHEMBL2402559,5.55,308.20799999999997,4.008700000000002,21.259999999999998,1,2,4,2,20,3,1,1,82.24070000000003,16,1,1,0,4
CHEMBL2402560,5.5,273.763,3.3553000000000006,21.259999999999998,1,2,4,2,19,3,1,1,77.23070000000004,16,1,1,0,3
CHEMBL3084695,7.66,327.8550000000001,4.666500000000003,21.259999999999998,1,2,4,2,23,4,2,2,93.54070000000004,20,1,1,0,3
CHEMBL3084696,7.2,362.3000000000001,5.319900000000004,21.259999999999998,1,2,4,2,24,4,2,2,98.55070000000003,20,1,1,0,4
CHEMBL3084697,6.41,396.7450000000002,5.973300000000004,21.259999999999998,1,2,4,2,25,4,2,2,103.56070000000003,20,1,1,0,5
CHEMBL3084698,7.8,362.30000000000007,5.319900000000003,21.259999999999998,1,2,4,2,24,4,2,2,98.55070000000003,20,1,1,0,4
CHEMBL3084699,5.86,361.4070000000001,5.031900000000005,21.259999999999998,1,2,4,2,26,4,2,2,93.53270000000005,21,1,1,3,5
CHEMBL3084700,6.14,362.30000000000007,5.319900000000003,21.259999999999998,1,2,4,2,24,4,2,2,98.55070000000003,20,1,1,0,4
CHEMBL3084701,6.76,327.8550000000001,4.666500000000003,21.259999999999998,1,2,4,2,23,4,2,2,93.54070000000004,20,1,1,0,3
CHEMBL3084702,5.53,431.19000000000017,6.626700000000003,21.259999999999998,1,2,4,2,26,4,2,2,108.57070000000002,20,1,1,0,6
CHEMBL3084703,6.93,293.40999999999997,4.013100000000003,21.259999999999998,1,2,4,2,22,4,2,2,88.53070000000005,20,1,1,0,2
CHEMBL3084869,7.3,325.4270000000001,4.556900000000004,12.47,0,2,4,2,24,4,2,2,93.36500000000008,21,1,1,1,3
CHEMBL3084870,7.67,341.88200000000006,5.071200000000005,12.47,0,2,4,2,24,4,2,2,98.41700000000006,21,1,1,0,3
CHEMBL3084878,6.51,321.464,4.726220000000004,12.47,0,2,4,2,24,4,2,2,98.14400000000006,22,1,1,0,2
CHEMBL3084884,7.76,376.3270000000001,5.724600000000005,12.47,0,2,4,2,25,4,2,2,103.42700000000005,21,1,1,0,4
CHEMBL3084891,5.74,322.4520000000001,4.000000000000003,38.49,1,3,4,2,24,4,2,2,97.81940000000007,21,2,1,0,3
CHEMBL3084901,6.73,375.4340000000001,5.436600000000005,12.47,0,2,4,2,27,4,2,2,98.40900000000008,22,1,1,3,5
CHEMBL3084907,7.16,325.4270000000001,4.556900000000004,12.47,0,2,4,2,24,4,2,2,93.36500000000007,21,1,1,1,3
CHEMBL3084909,7.32,343.4170000000001,4.696000000000004,12.47,0,2,4,2,25,4,2,2,93.32300000000005,21,1,1,2,4
CHEMBL3084910,6.64,341.88200000000006,5.0712000000000055,12.47,0,2,4,2,24,4,2,2,98.41700000000006,21,1,1,0,3
CHEMBL3084929,7.53,476.61100000000016,6.671300000000007,38.489999999999995,1,3,9,3,35,5,2,2,136.05839999999992,30,2,1,2,5
CHEMBL3084930,6.55,614.4780000000001,8.245400000000005,61.230000000000004,0,3,9,3,37,5,2,2,148.55199999999977,29,4,1,2,8
CHEMBL3084931,6.21,504.6460000000001,7.433300000000007,24.83,0,4,9,3,36,5,2,2,141.71499999999986,30,2,1,2,6
CHEMBL3084932,6.8,628.5050000000001,8.635500000000002,61.230000000000004,0,3,10,3,38,5,2,2,153.16899999999973,30,4,1,2,8
CHEMBL3084933,6.38,518.6730000000001,7.8234000000000075,24.83,0,4,10,3,37,5,2,2,146.3319999999998,31,2,1,2,6
CHEMBL3084934,7.7,506.59300000000013,6.997300000000007,55.61,0,4,10,3,37,5,2,2,138.3003999999999,30,2,3,2,7
CHEMBL3085018,7.19,471.5950000000001,6.363200000000006,31.06,2,2,7,4,35,6,2,2,136.31939999999992,30,3,0,2,5
CHEMBL3085019,6.18,342.43300000000005,4.269000000000004,15.27,1,2,4,2,25,4,2,2,95.37370000000004,21,2,0,2,4
CHEMBL3085020,8.21,476.5670000000001,6.095000000000005,41.57,1,3,8,3,35,5,2,2,131.95469999999997,29,2,2,2,6
CHEMBL3085021,8.25,372.45900000000006,4.024900000000003,38.489999999999995,1,3,6,2,27,4,2,2,101.32040000000005,22,2,1,2,5
CHEMBL3085022,7.54,472.57900000000006,6.790200000000007,28.259999999999998,1,2,7,4,35,6,2,2,134.26869999999997,30,2,1,2,5
CHEMBL3085023,7.9,371.4750000000001,3.5979000000000028,41.29,2,3,6,2,27,4,2,2,103.37110000000006,22,3,0,2,5
CHEMBL3085024,7.42,375.3430000000001,5.2976000000000045,15.27,1,2,4,2,25,4,2,2,105.47770000000006,21,2,0,0,4
CHEMBL3085025,7.44,340.89800000000014,4.644200000000004,15.27,1,2,4,2,24,4,2,2,100.46770000000005,21,2,0,0,3
CHEMBL3085027,8.07,328.406,3.9268000000000027,24.06,2,2,4,2,24,4,2,2,90.74640000000004,20,2,0,2,4
CHEMBL3085028,7.57,368.4710000000001,4.825200000000004,15.27,1,2,6,2,27,4,2,2,104.51370000000006,23,2,0,2,4
CHEMBL3085029,7.67,384.51400000000007,5.439300000000006,15.27,1,2,7,2,28,4,2,2,109.22470000000007,24,2,0,2,4
CHEMBL3085030,7.93,460.6120000000001,6.662100000000007,15.27,1,2,9,3,34,5,2,2,133.69669999999996,30,2,0,2,4
CHEMBL3085031,8.34,475.58300000000014,5.668000000000005,44.370000000000005,2,3,8,3,35,5,2,2,134.00539999999995,29,3,1,2,6
CHEMBL3085032,8.27,444.2330000000002,6.6044000000000045,15.27,1,2,4,2,27,4,2,2,115.49770000000004,21,2,0,0,6
CHEMBL3085033,6.91,356.4600000000001,4.611200000000005,6.48,0,2,4,2,26,4,2,2,100.00100000000005,22,2,0,2,4
CHEMBL3085532,6.5,259.349,2.4259000000000004,29.54,0,3,2,1,19,3,2,2,73.87900000000005,16,1,2,0,3
CHEMBL3093268,9.89,300.833,3.7047000000000017,6.48,0,2,4,2,21,3,1,1,90.25100000000006,18,2,0,0,3
CHEMBL3093269,8.22,300.8330000000001,3.7047000000000025,6.48,0,2,4,2,21,3,1,1,90.25100000000005,18,2,0,0,3
CHEMBL3093270,6.32,314.86,4.094800000000003,6.48,0,2,5,2,22,3,1,1,94.86800000000005,19,2,0,0,3
CHEMBL3126716,5.8,315.482,3.914400000000003,35.089999999999996,1,2,9,2,22,2,0,0,95.51410000000006,19,1,1,0,3
CHEMBL3126717,6.74,413.53300000000013,5.025300000000004,35.089999999999996,1,2,10,3,29,3,0,0,115.28510000000003,24,1,1,2,5
CHEMBL3126718,6.19,446.4430000000001,6.053900000000005,35.089999999999996,1,2,10,3,29,3,0,0,125.38910000000001,24,1,1,0,5
CHEMBL3126719,5.9,535.3450000000001,6.2721000000000044,35.089999999999996,1,2,10,3,29,3,0,0,130.76909999999998,24,1,1,0,5
CHEMBL3126720,6.62,533.3290000000002,6.783200000000006,29.1,1,2,9,3,29,3,0,0,130.3577,24,1,1,0,5
CHEMBL3126721,5.94,389.56400000000025,5.648300000000005,29.1,1,2,10,3,28,3,0,0,119.57470000000005,25,1,1,0,3
CHEMBL3126722,6.39,547.3560000000002,7.1733000000000064,29.1,1,2,10,3,30,3,0,0,134.97469999999993,25,1,1,0,5
CHEMBL3126723,4.9,301.411,2.6268399999999996,66.15,1,2,5,2,21,2,0,0,86.40480000000004,17,1,2,0,4
CHEMBL3126724,4.45,409.351,4.047600000000002,66.15,1,2,5,2,27,2,0,0,86.93480000000002,17,1,2,6,10
CHEMBL3126725,5.23,309.337,2.2882,66.15,1,2,5,2,21,2,0,0,76.84680000000003,15,1,2,2,6
CHEMBL3126726,6.05,342.24700000000007,3.3168000000000015,66.15,1,2,5,2,21,2,0,0,86.95080000000002,15,1,2,0,6
CHEMBL3126727,6.26,352.25300000000004,2.772500000000001,66.15,1,2,5,2,20,2,0,0,84.63080000000002,15,1,2,0,5
CHEMBL3126728,4.88,287.384,2.2707000000000006,52.16,1,2,5,2,20,2,0,0,81.80310000000004,16,1,2,0,4
CHEMBL3126729,5.89,549.3280000000002,5.7987000000000055,52.16,1,2,9,3,30,3,0,0,130.9091,24,1,2,0,6
CHEMBL3126730,6.53,312.265,4.774700000000003,26.02,1,2,5,2,19,2,0,0,86.25940000000003,15,1,0,0,4
CHEMBL3126731,6.32,401.16700000000003,4.992900000000002,26.02,1,2,5,2,19,2,0,0,91.63940000000002,15,1,0,0,4
CHEMBL3126732,6.36,297.467,4.5088000000000035,12.03,1,2,8,2,21,3,1,1,92.77870000000004,19,1,0,0,2
CHEMBL3126733,6.51,299.483,4.898900000000004,12.03,1,2,9,2,21,2,0,0,94.96270000000005,19,1,0,0,2
CHEMBL3126734,6.53,361.5540000000001,5.731600000000006,12.03,1,2,10,3,26,3,0,0,114.81770000000003,24,1,0,0,2
CHEMBL3126735,6.94,397.53400000000005,6.009800000000005,12.03,1,2,10,3,28,3,0,0,114.73370000000004,24,1,0,2,4
CHEMBL3126736,6.21,519.3460000000001,7.256600000000005,12.03,1,2,10,3,28,3,0,0,130.21769999999998,24,1,0,0,4
CHEMBL3126737,5.96,259.374,2.4834000000000005,49.08,1,2,5,2,18,2,0,0,76.79080000000003,15,1,1,0,3
CHEMBL3126738,6.23,457.2310000000001,5.560400000000004,29.1,1,2,7,2,23,2,0,0,105.88570000000003,18,1,1,0,5
CHEMBL3126739,4.87,311.45000000000016,4.035400000000003,29.1,1,2,7,2,22,3,1,1,92.91870000000006,19,1,1,0,3
CHEMBL3126740,5.17,347.43000000000006,4.313600000000004,29.1,1,2,7,2,24,3,1,1,92.83470000000004,19,1,1,2,5
CHEMBL3126741,6.01,469.24200000000013,5.560400000000004,29.1,1,2,7,2,24,3,1,1,108.31870000000005,19,1,1,0,5
CHEMBL3126742,4.63,313.466,4.425500000000003,29.1,1,2,8,2,22,2,0,0,95.10270000000004,19,1,1,0,3
CHEMBL3126743,5.19,349.446,4.703700000000004,29.1,1,2,8,2,24,2,0,0,95.01870000000004,19,1,1,2,5
CHEMBL3126744,6.14,471.25800000000004,5.950500000000004,29.1,1,2,8,2,24,2,0,0,110.50270000000005,19,1,1,0,5
CHEMBL3126745,5.7,375.5370000000002,5.258200000000005,29.1,1,2,9,3,27,3,0,0,114.95770000000005,24,1,1,0,3
CHEMBL3126746,6.36,411.5170000000001,5.536400000000005,29.1,1,2,9,3,29,3,0,0,114.87370000000003,24,1,1,2,5
CHEMBL3126747,6.65,444.4270000000002,6.565000000000006,29.1,1,2,9,3,29,3,0,0,124.97770000000003,24,1,1,0,5
CHEMBL3126748,4.91,257.358,2.994500000000002,43.09,1,2,5,2,18,2,0,0,76.37940000000003,15,1,1,0,3
CHEMBL3126749,6.56,326.24800000000005,4.301300000000002,43.09,1,2,5,2,20,2,0,0,86.39940000000003,15,1,1,0,5
CHEMBL3126750,4.71,271.38500000000005,3.255200000000002,29.1,1,2,5,2,19,2,0,0,81.25170000000004,16,1,1,0,3
CHEMBL3126751,5.38,340.2750000000001,4.562000000000003,29.1,1,2,5,2,21,2,0,0,91.27170000000002,16,1,1,0,5
CHEMBL3126752,5.52,429.1770000000001,4.780200000000003,29.1,1,2,5,2,21,2,0,0,96.65170000000002,16,1,1,0,5
CHEMBL3126753,5.08,297.423,3.8114000000000026,29.1,1,2,7,2,21,2,0,0,90.39170000000004,18,1,1,0,3
CHEMBL3126754,4.68,299.439,4.035400000000003,29.1,1,2,7,2,21,2,0,0,90.48570000000005,18,1,1,0,3
CHEMBL3126755,4.93,335.41900000000004,4.313600000000004,29.1,1,2,7,2,23,2,0,0,90.40170000000003,18,1,1,2,5
CHEMBL3126756,5.91,368.32900000000006,5.342200000000004,29.1,1,2,7,2,23,2,0,0,100.50570000000002,18,1,1,0,5
CHEMBL3349204,5.63,371.4270000000001,4.612700000000005,29.540000000000003,0,2,4,2,27,4,2,2,98.08000000000004,22,1,2,2,5
CHEMBL3889802,7.48,460.64300000000037,4.301700000000004,46.61,0,3,9,3,33,4,1,1,135.51939999999996,28,2,2,0,5
CHEMBL3890247,8.46,462.6590000000002,3.7459000000000033,49.769999999999996,1,4,10,3,33,4,1,1,136.7691999999999,28,2,2,0,5
CHEMBL3890835,7.42,496.6230000000004,4.579900000000004,46.61,0,3,9,3,35,4,1,1,135.43539999999993,28,2,2,2,7
CHEMBL3894678,8.5,446.6600000000002,4.775100000000005,29.54,0,3,10,3,32,4,1,1,135.37939999999995,28,2,1,0,4
CHEMBL3895932,7.41,522.5830000000002,5.639500000000005,29.54,0,3,8,3,36,4,1,1,130.8134,27,2,1,5,9
CHEMBL3899193,7.33,444.64400000000035,5.286200000000005,23.550000000000004,0,3,9,3,32,4,1,1,134.96799999999996,28,2,1,0,4
CHEMBL3899819,6.55,420.52500000000015,3.3571000000000017,46.61,0,3,7,2,29,3,1,1,110.96340000000006,22,2,2,2,7
CHEMBL3900352,6.39,455.45100000000014,3.829900000000002,49.769999999999996,1,4,8,2,29,3,1,1,122.31720000000003,22,2,2,0,7
CHEMBL3904892,7.57,454.5860000000001,4.620700000000004,29.54,0,3,8,3,32,4,1,1,125.81140000000005,26,2,1,2,6
CHEMBL3907263,8.3,456.57700000000017,5.744300000000006,6.48,0,3,8,3,32,4,1,1,125.21800000000003,26,2,0,3,6
CHEMBL3908243,6.67,420.52500000000015,3.312400000000002,43.78,1,4,7,2,29,3,1,1,111.80180000000004,22,2,2,2,7
CHEMBL3909363,8.17,482.6400000000001,5.008600000000005,26.71,1,4,10,3,34,4,1,1,136.13379999999995,28,2,1,2,6
CHEMBL3913879,6.2,386.56100000000015,2.5231000000000003,49.769999999999996,1,4,8,2,27,3,1,1,112.29720000000005,22,2,2,0,5
CHEMBL3916231,7.78,406.54200000000014,3.7858000000000036,26.71,1,4,8,2,28,3,1,1,111.66180000000006,22,2,1,2,6
CHEMBL3916742,5.86,469.4340000000002,3.3565000000000023,66.84,1,4,7,2,30,3,1,1,122.45720000000001,22,2,3,0,8
CHEMBL3918282,8.6,498.63900000000024,4.024100000000003,49.769999999999996,1,4,10,3,35,4,1,1,136.68519999999992,28,2,2,2,7
CHEMBL3923939,8.02,472.57600000000014,4.759800000000005,29.54,0,3,8,3,33,4,1,1,125.76940000000005,26,2,1,3,7
CHEMBL3925079,6.12,436.52400000000017,2.3279000000000005,66.84,1,4,7,2,30,3,1,1,112.35320000000004,22,2,3,2,8
CHEMBL3927228,7.54,480.6240000000003,5.564400000000006,23.550000000000004,0,3,9,3,34,4,1,1,134.88399999999996,28,2,1,2,6
CHEMBL3931765,6.54,422.54100000000017,2.8013000000000012,49.769999999999996,1,4,8,2,29,3,1,1,112.21320000000006,22,2,2,2,7
CHEMBL3931813,7.71,473.0320000000001,6.258600000000006,6.48,0,3,8,3,32,4,1,1,130.26999999999998,26,2,0,2,6
CHEMBL3935199,8.13,438.5870000000001,5.605200000000006,6.48,0,3,8,3,31,4,1,1,125.26000000000005,26,2,0,2,5
CHEMBL3936184,6.56,404.5260000000001,4.341600000000004,23.55,0,3,7,2,28,3,1,1,110.41200000000006,22,2,1,2,6
CHEMBL3941865,8.54,482.6400000000002,5.0533000000000055,29.54,0,3,10,3,34,4,1,1,135.29539999999997,28,2,1,2,6
CHEMBL3944169,7.3,370.5620000000001,3.5076000000000027,26.71,1,4,8,2,26,3,1,1,111.74580000000005,22,2,1,0,4
CHEMBL3944646,7.25,503.01400000000035,4.800700000000004,46.61,0,3,7,3,34,4,1,1,130.9614,26,2,2,2,8
CHEMBL3950591,6.84,439.4520000000001,4.814400000000005,26.71,1,4,8,2,28,3,1,1,121.76580000000003,22,2,1,0,6
CHEMBL3952924,8.45,430.6610000000002,5.759600000000006,6.48,0,3,10,3,31,4,1,1,134.82799999999995,28,2,0,0,3
CHEMBL3957984,7.27,470.56000000000023,5.2709000000000055,23.550000000000004,0,3,7,3,33,4,1,1,125.35800000000005,26,2,1,3,7
CHEMBL3959292,7.58,506.5840000000001,6.624000000000007,6.48,0,3,8,3,35,4,1,1,130.26199999999997,27,2,0,5,8
CHEMBL3961296,6.04,453.4350000000002,4.341000000000005,43.78,1,4,7,2,29,3,1,1,121.90580000000001,22,2,2,0,7
CHEMBL3965237,8.35,466.6410000000001,6.037800000000006,6.48,0,3,10,3,33,4,1,1,134.74399999999994,28,2,0,2,5
CHEMBL3970990,7.13,486.5590000000003,4.286400000000004,46.61,0,3,7,3,34,4,1,1,125.90940000000005,26,2,2,3,8
CHEMBL3971463,8.12,489.03100000000023,5.274100000000005,29.54,0,3,8,3,33,4,1,1,130.8214,26,2,1,2,7
CHEMBL3979186,7.23,487.0150000000002,5.785200000000006,23.550000000000004,0,3,7,3,33,4,1,1,130.41,26,2,1,2,7
CHEMBL3979590,8.6,446.6600000000001,4.730400000000005,26.71,1,4,10,3,32,4,1,1,136.21779999999993,28,2,1,0,4
CHEMBL4062435,7.92,400.51300000000015,4.627800000000004,15.71,0,3,7,2,29,4,2,2,110.82000000000006,24,2,1,2,5
CHEMBL4063396,7.16,504.5520000000002,6.883800000000006,38.5,0,4,6,4,37,6,2,2,133.34399999999997,30,2,2,3,7
CHEMBL4063478,7.27,486.6030000000003,4.838700000000004,64.79,1,5,9,2,35,4,2,2,130.58540000000002,28,2,3,2,7
CHEMBL4070531,7.87,426.5510000000003,5.039900000000006,15.71,0,3,8,2,31,4,2,2,119.89000000000007,26,2,1,2,5
CHEMBL4074774,7.22,486.5620000000002,6.744700000000006,38.5,0,4,6,4,36,6,2,2,133.38599999999997,30,2,2,2,6
CHEMBL4077089,7.92,455.5450000000003,5.265400000000005,38.77,0,4,8,2,33,5,3,3,120.49600000000005,27,1,3,2,6
CHEMBL4082578,7.97,439.5940000000002,5.125100000000005,18.509999999999998,1,3,7,2,32,5,3,3,124.60770000000005,27,3,0,2,5
CHEMBL4085035,7.18,521.0070000000002,7.398100000000007,38.5,0,4,6,4,37,6,2,2,138.3959999999999,30,2,2,2,7
CHEMBL4085107,7.58,544.6420000000003,6.579400000000006,54.56,1,4,9,4,40,6,2,2,149.77469999999977,33,2,3,2,7
CHEMBL4090416,7.84,399.52900000000017,4.200800000000003,18.509999999999998,1,3,7,2,29,4,2,2,112.87070000000007,24,3,0,2,5
CHEMBL4092855,7.68,413.55600000000015,4.622500000000004,41.29,2,3,7,2,30,4,2,2,117.13010000000006,25,3,0,2,5
CHEMBL4097211,7.76,443.53800000000024,3.387100000000001,67.59,2,5,8,2,32,4,2,2,118.87710000000006,25,3,2,2,7
CHEMBL4100591,7.88,440.5780000000002,5.552100000000006,15.71,0,3,7,2,32,5,3,3,122.55700000000006,27,2,1,2,5
CHEMBL4101457,7.03,500.5890000000002,7.053120000000007,38.5,0,4,6,4,37,6,2,2,138.1229999999999,31,2,2,2,6
