ChEMBL_ID,pKi,PC1,PC2,PC3,PC4,PC5,PC6,PC7,PC8
CHEMBL549,4.78,-1.2902342629903851,0.7197236573881723,-0.8875612274893417,0.11087225570706125,1.0048081541064056,-1.1309076224447363,-0.7667433748807848,-0.0366740116836537
CHEMBL607,4.75,-4.2796745298819125,0.9636223364362476,0.7742881721940635,-0.7824045216196005,0.26057662102362883,-0.9150572524004428,-0.7894901294956194,0.6798215922365537
CHEMBL904,7.13,-4.659767003332521,1.6398967218180531,0.5197326095759062,0.16402735158551368,-0.13428890616948921,0.31406725356491916,-0.6400912276907054,0.7345273596607671
CHEMBL1708,7.01,-0.967216447834706,1.6634842408394188,1.5434564418437076,0.024105560507111833,-0.4523052502701041,1.0184858304015187,-1.162847342726494,-0.1004085254853765
CHEMBL11493,7.98,0.6626056264625739,-2.2330228643648713,0.5685457698205,-0.863951332424689,0.5651081649375157,0.6240375610214579,0.0005991293326868399,0.39531397434667437
CHEMBL21859,7.67,0.9968402598166617,0.953027746539283,2.3022773981993776,-1.1894088069152615,0.4556314172291592,0.5466078379163191,-0.862711659082205,-0.04312307073080542
CHEMBL22183,5.38,-3.3051329130172995,0.9072874862033736,-2.380304943756538,1.229379848850782,0.4755331328966849,-0.8455463088715224,-0.1684687139827005,0.1117026780241021
CHEMBL22216,6.77,-2.8225748962796504,1.1112752865412892,-2.434155458755868,0.9041474091008316,0.6301719186959769,-0.7153128690861346,0.5298671098365971,-0.2975092092039274
CHEMBL22743,6.47,-2.984990767118513,1.15576348006668,-2.1017087970458976,-0.41538357787308094,0.4048255160091119,0.30772552647129275,-0.7630906081787125,0.3523905905443979
CHEMBL23033,6.77,-3.2479805699692674,1.8308413430495118,-2.664456806091001,1.8713743877524238,0.25995676852508126,0.5135547826303102,0.6261216547887575,-0.18596652239306155
CHEMBL27336,8.66,-4.0287038239967625,-2.9011455996545457,0.913397084794312,0.014226209347960598,0.47204840877253745,-0.302557980571671,0.5057791136230043,-0.01958900912122307
CHEMBL27748,7.66,5.013724701961798,1.4915500265174537,1.007205819378046,-0.49092725167119466,0.1337508325414201,-0.35129343615083986,-0.6565523193591238,0.32098891238265315
CHEMBL28394,9.38,-3.5449698206944147,-2.7335487871700144,0.873452747184344,-0.22659036982834097,0.6114932986478514,-0.19343674612090425,0.963992699433203,-0.30622303468635187
CHEMBL28414,7.28,4.534700627421689,-0.16878000494412895,0.24874109491519036,-0.27971396946314087,0.2930484845359342,-0.33661038128831344,-0.37092174120656546,0.37698112648838034
CHEMBL28726,7.06,2.3571310727273644,0.46179892797047106,1.471811759638079,-0.22837606949178307,1.1724243811638195,-0.09891393347772567,-0.026232190085933534,0.8840698844321359
CHEMBL28867,7.24,4.0300049860000815,0.214058750438644,0.491978241247791,-0.09247527043640309,0.39199923350567073,-0.2951243719637593,-0.6395838675140785,0.10811998067681104
CHEMBL28897,8.19,3.5509809114599733,-1.446271281022938,-0.2664864832150645,0.11873801177165066,0.5512968855001851,-0.28044131710123305,-0.3539532893615198,0.16411219478253858
CHEMBL28935,7.31,2.69953392338717,0.36095276619743194,1.4056907829069742,-0.287918515220584,1.0619897826425773,-0.10400905986704154,0.1365302967676687,0.8341245980693902
CHEMBL29000,7.08,2.0147282220675584,0.56264508974351,1.537932736369184,-0.16883362376298233,1.2828589796850616,-0.09381880708840948,-0.1889946769395354,0.9340151707948813
CHEMBL34032,8.0,1.7940058664474992,-1.865975932327009,-1.396384523336873,-1.1481937945037617,-0.029727027399755555,0.17171281067853728,-0.55653439793926,0.059518323415730566
CHEMBL34372,7.2,2.777725582409216,-0.5884846562481998,-0.8811569452066185,-1.5466457757385532,-0.2879754283640069,0.11554374649145657,-0.5735028497843045,0.2723872551215727
CHEMBL34591,8.92,2.3570298228022666,-1.7598679552544472,-1.4731417466710195,-1.4233041189790494,0.0710624367191656,0.2812431518174306,-0.00770822304929147,-0.3102419228468626
CHEMBL35045,8.1,2.7777255824092166,-0.5884846562481998,-0.8811569452066185,-1.5466457757385532,-0.28797542836400714,0.11554374649145657,-0.5735028497843042,0.2723872551215727
CHEMBL35122,8.96,3.7231254472950828,-1.5891028445915099,-1.6057936015670295,-2.309286922005196,2.205036557746105,1.8266368969120201,-0.6347993220982591,-0.6918403575906047
CHEMBL35411,7.8,3.695664724460882,-2.4798024385114594,-1.7387770697836018,-0.8864009899986391,-0.8433214450697907,0.14357124332214855,-0.8137716254178579,-0.6984104012191121
CHEMBL36141,8.92,2.7892261236232816,-0.304987613436024,-1.06060143125978,-0.12618887870075796,0.601062497972008,-0.4313780090364306,-0.2700497195461177,-0.1672225219885629
CHEMBL36419,8.64,2.305121440404195,-1.7255746529417897,-1.4356333019194942,-1.508538972475999,0.7612058513576201,0.7255103877049062,-0.6555995844673745,-0.15646986815090577
CHEMBL43713,6.38,1.9598595981659084,-0.4127549232410137,-0.5643451895231065,-0.8889362730561027,-1.7250106119780733,-0.8555688401346111,-0.07990242754993655,-0.13703705154427034
CHEMBL44922,7.28,0.29016744307869735,0.14199702754824364,-0.3614818939597019,-1.228514121491548,-0.9780273600264944,-0.8274729710067852,0.329410938902316,0.8070547420983402
CHEMBL45111,5.55,-3.4910000617460515,-0.06366557934927623,2.0180593599418555,0.8011058595036262,1.3517186332848687,-1.0069814265498784,0.15033411554310136,0.013758286193711463
CHEMBL46536,7.28,0.04408428873987441,-0.8880315431890689,1.1263676843079862,0.7368636258703923,0.1432162509400636,-1.029328957792391,0.5002404866637928,0.31110489624108817
CHEMBL46773,6.0,-0.8011575045703591,-0.780002930925119,1.4064740802131415,0.9027229329204579,0.3506352811627757,-1.0284891137169863,0.17926799375068284,-0.22013765036210398
CHEMBL47068,5.83,-0.6248426410443904,0.3198733585396644,-0.0427448990894976,-1.0289450484767684,-0.7320449448158266,-0.827741493017282,-0.07612039594559429,0.36906293953068764
CHEMBL50674,7.62,-0.3946821539243437,1.3809254613936985,1.9610758723223494,1.8614380832082849,-0.6216795480083622,0.07038243759361028,-0.15613136155152088,-0.19503350755893867
CHEMBL50886,5.99,0.2497813980635208,0.7889012725545348,2.4516308597525445,-0.42475857100515685,-1.2965903550781088,-0.5381832410107092,-0.5286216863529682,-0.042434481672832765
CHEMBL50997,7.72,0.24978139806352062,0.788901272554535,2.4516308597525445,-0.42475857100515674,-1.2965903550781088,-0.5381832410107092,-0.5286216863529684,-0.04243448167283254
CHEMBL51454,7.23,-0.05407412271152639,0.6004366370937699,2.436909244879347,-0.45611361602747935,-1.1563587579556627,-0.5707928662596271,-0.62265186896302,0.05230239956980687
CHEMBL51896,7.82,-0.5819478536793299,1.3709611486605138,2.311548598513601,0.5666483750016544,-1.5339872429343098,0.663652862860758,-0.5586658287033094,-0.14305600907443627
CHEMBL52334,7.91,0.24978139806352062,0.788901272554535,2.4516308597525445,-0.42475857100515674,-1.2965903550781088,-0.5381832410107092,-0.5286216863529684,-0.04243448167283254
CHEMBL65917,6.7,-2.2048513351953796,1.6985442991275665,0.48506891555015746,1.5627148019534536,1.6223666395110965,-2.080812685543624,-0.27820417440948103,-0.9274870396071685
CHEMBL70265,5.0,-0.8749526214790372,1.7343617078276352,-1.8037555945092654,1.3249688001122497,0.769884221588119,-2.6602767824557465,-1.0391949450506648,-0.11260501837086995
CHEMBL70336,5.21,-0.7092882482081774,0.9043960463593227,-2.2990100047332764,1.4698240710110624,1.0297916591529288,-2.753349972589974,-0.515893504386311,-0.20230249187750082
CHEMBL70690,5.29,0.5777464399701425,-0.13203993523164811,1.5998887405649052,2.5040152125335275,0.38465347119066423,-1.8095498932637544,-0.626291707275047,-1.0290153442030003
CHEMBL72319,5.21,-0.043680495837221535,0.31843698710278046,-2.9341345037042226,2.8742402441651222,-0.3206962639394162,-1.4106469531211627,-0.918220681632565,-1.4660719243623017
CHEMBL72650,5.1,-0.42396411417406127,0.45395315124256774,-2.8483505879347892,2.9503608721439734,-0.1899449004625338,-1.4054268927890352,-1.1241084567114155,-1.3713469078229363
CHEMBL76603,7.0,1.8416274174826957,-3.1123620947140878,0.21112809022450718,0.07196323363444962,-1.8780992152906772,-0.5051891849605242,-0.010843788716890783,0.4118863238201348
CHEMBL77867,7.6,2.639247659757733,-1.9740045445909589,-1.6764909192420285,-1.3140531015538275,-0.23714605762246757,0.17087296660313256,-0.23556190502615013,0.5907608700189225
CHEMBL79490,6.84,2.7940902745832323,-2.7617118172161783,0.1712611320243146,-0.6150173563453109,-0.2576700727879707,0.6012976030063122,-0.29353300370792046,0.07316068472240159
CHEMBL80245,6.87,3.739298558593273,-0.48753182382899807,1.280213845450066,-0.6912309628704203,-2.3560326322312233,-0.6186356794205867,-0.12933953434178044,0.9308749312673578
CHEMBL89752,7.07,-3.095278833561036,0.7114726239208928,-1.4905863105942248,0.9881196966495078,-0.8806563111583422,1.593642036934169,0.17064685446126807,-1.0133301884963135
CHEMBL104567,8.84,-1.4086295576339232,-3.547635232502918,0.34044240403064774,0.1495530487295058,-0.4904715583615998,-0.32517403382468046,0.4501541498957863,-0.16023420164149915
CHEMBL106627,9.51,-1.5029519404712663,-3.5786984136420097,0.42297042544430186,0.18609451148553058,-0.49084088398553355,-0.3335867610548756,0.42409233894609344,-0.4446656734850226
CHEMBL109386,5.63,-3.576763073776083,-0.8945185416988065,-0.31404217147557506,1.237826835443735,0.6947294562691912,-1.4688078090047723,-0.7399381693493301,-0.7112245909737192
CHEMBL110967,5.08,-4.430395789898151,-0.09519808702972556,-0.0947621620529333,0.5180586737162152,1.5285070730353127,-1.3069241493810138,0.6162585137661297,-0.37824139519192784
CHEMBL111498,4.38,-5.151402839594696,-0.36521806049794775,-0.028882259492282125,0.9244115170691113,1.4065678580693624,-1.4462109791929372,-0.33937024250051906,0.018972657970685432
CHEMBL112125,5.58,-2.0379750211638896,-1.4647862384309123,-0.9719854795834434,0.565525099115398,0.742550102800943,-1.4490095455255618,0.1605911880646837,0.3263984866704414
CHEMBL112817,4.97,-3.768558955925216,1.104023615821467,0.7350393936114425,-1.1427496995918378,1.0515094997810042,-0.36125967537407383,-0.8885553160237339,0.46383340066991724
CHEMBL113144,8.24,0.4667943140334527,1.3205757526064577,1.8322113634753334,-0.31299047018149645,0.03828202040201506,2.035618947312595,-0.53419932847148,-0.1992951308068047
CHEMBL113195,7.5,-0.4148043684409656,0.23067839950881464,1.5206618673995167,0.13098897850464641,0.38475076126930674,1.802049733965438,-0.7451776181590745,-0.05099297180413151
CHEMBL113336,5.57,-4.352374019079933,-0.0684760813692325,-0.12516407169713867,0.4258133819880369,1.7099028021770695,-1.2216055593705963,0.6149514079092033,-0.6928163588640632
CHEMBL113479,5.49,-3.231648387990594,1.1491162849208778,0.6511756351699763,-1.240379878841998,0.2807598201197146,-0.7813151601330733,0.30946932614124406,0.2548760633835026
CHEMBL113480,5.39,-3.716650573527144,1.0697303135088092,0.6975309488599172,-1.0575148460948887,0.36136608514255025,-0.8055269112615492,-0.24066395460565082,0.31006134597396035
CHEMBL113621,10.4,-2.495480063225433,-1.375848072935202,-0.8126169821483413,0.6653096356227874,0.8655413104062771,-1.44914380653081,-0.042174479359271086,0.10740258538661486
CHEMBL120901,7.5,-2.195706683595086,3.0057879416733537,3.727490328564101,-0.7970070781642824,-0.30907879448275155,-0.5560937538891266,-0.9377007190755298,0.517346125338875
CHEMBL136154,9.0,3.7136442382275145,-0.9371654817164139,-0.9896353111087617,-1.1095335597640494,-0.8731513040973375,0.11822497428092435,-1.1637433234342789,-0.8554538866229862
CHEMBL136249,8.28,2.130369182507447,-1.893719750215823,-1.325182035893492,-1.1286696819207167,-0.12169090562933996,0.15695989403837074,-0.5326009661235621,-0.06465528998309858
CHEMBL136566,7.48,4.297434801931567,2.476339054562541,1.396419744293314,1.4924028897355726,0.9411019082637314,-1.6721435218552954,3.046872931360364,-0.8882178084590313
CHEMBL137020,8.79,3.818375613211191,-1.8427924534510256,-1.4854493424095203,-0.9747162043478165,-0.5571720388403956,0.006101462959864993,-0.6982652061954362,-0.8319286653224741
CHEMBL138156,7.84,3.3824247178084796,2.6542153855539623,1.7151567391635185,1.6919719627503529,1.1870843234743986,-1.6724120438657921,2.6413415965124525,-1.3262096110266837
CHEMBL138651,7.5,2.819447593874014,0.8991483844286166,1.6006307498127041,0.048412286744717134,-0.36920848877308543,-1.2038553061851693,1.256941769887669,0.46415733861690567
CHEMBL145867,5.04,-2.2140119938815985,-0.2166453200804103,-0.5456236312663226,1.8498208578452227,1.5264230533624508,-2.2053320280054973,-0.31225865620913107,0.6254029134936848
CHEMBL159445,8.39,4.002408592884288,-0.6202006247830649,-1.107131472281238,0.03639267498593722,0.4954017756233758,-0.6890893363244653,-0.8308086268437742,-0.5485823566773025
CHEMBL159982,7.51,3.879697704133979,-1.2572106098434983,-1.36045919965532,0.1247078893351144,0.20925236939398098,-0.5516195559621817,-0.9463150460661958,-0.4150640925739404
CHEMBL160073,9.15,3.7332876450076733,0.20261567115033025,-1.5430691432775587,1.9341082042165687,0.72995648400683,0.2522591045493,-0.5180841555046335,-0.5490091504176614
CHEMBL163163,7.21,4.266684687771037,0.09703828557956544,-1.0108545746723452,1.1338933235896513,1.0939147840744095,-1.1984116973032244,-0.8703387154500419,-0.48581991201329017
CHEMBL163272,8.1,3.879697704133979,-1.2572106098434983,-1.36045919965532,0.1247078893351144,0.20925236939398098,-0.5516195559621817,-0.9463150460661958,-0.4150640925739404
CHEMBL164270,8.19,3.8976772179006125,0.28542634695154745,-0.6113174409804797,-0.0984246804302958,0.17942251036643395,-0.5769658250034057,-1.2962867440826165,-0.5721075779778146
CHEMBL164297,7.79,4.266684687771037,0.09703828557956544,-1.0108545746723452,1.1338933235896513,1.0939147840744095,-1.1984116973032244,-0.8703387154500419,-0.48581991201329017
CHEMBL169971,7.66,-2.9104764858649124,-0.07362889859391832,2.2555308581104656,-0.32359228021756037,-0.09697919752695629,-0.49017790639351955,-0.3292599476117986,0.5920932833257814
CHEMBL178773,7.66,0.13294319196838275,0.14544929456002398,2.0518968570990865,-0.6039522063642622,-0.5917777516659307,-0.5183514901674607,0.6087824577413085,-0.7190303250924488
CHEMBL179498,8.19,-1.3404886236125517,0.6795214025836167,1.9447080467880413,0.8212501295097279,-0.9821761009329122,0.5767740692816153,-0.39392245294339406,-0.1825421094285315
CHEMBL180918,8.19,-0.10550584099051287,0.07941712142971723,2.063926244660408,-0.5228318027613171,-0.5590781808325894,-0.5274048801939962,0.35148952529395844,-0.7310281591578652
CHEMBL181557,7.91,-1.3404886236125517,0.6795214025836167,1.9447080467880413,0.8212501295097279,-0.9821761009329122,0.5767740692816153,-0.39392245294339406,-0.1825421094285315
CHEMBL181609,7.28,-0.9150829499229336,-0.04004465392460592,2.175009394123174,-0.145976849141865,-0.6119609507620165,-0.6520935824348297,-0.49017699789555386,-0.2940847962393977
CHEMBL183259,7.35,-1.7548011348989492,0.31394626738271636,1.1479325993429528,0.9194520871595849,1.3727612573867385,1.037279151643041,1.3084326964745223,0.3247847655519506
CHEMBL184123,7.97,-0.2878205760726566,0.30534408823697856,1.641381238764902,-1.6307626719274624,1.3892842581000553,0.7564290765375087,0.6153061386096949,0.7915278043322042
CHEMBL184807,9.14,-1.7623240106972127,0.9237737764011456,1.6825229767357124,-0.181537011462814,0.34395353155812186,1.4273780993582474,0.6124773566686827,0.5792669546681656
CHEMBL185608,8.63,-1.794423379069139,0.2931458853886335,2.0721928215059475,-1.0489794536070167,0.8371598893343516,0.19837618663655399,0.3134571442925675,0.24872836657347341
CHEMBL186119,9.24,-2.2198290527587567,1.0127119418968564,1.841891474170815,-0.08175247495542427,0.46694473916345575,1.4272438383529993,0.4097116892447278,0.3602710533843394
CHEMBL186306,9.07,-1.9813800197998606,1.078744115027163,1.8298620866094937,-0.16287287855836943,0.43424516833011434,1.4362972283795348,0.667004621692078,0.3722688874497556
CHEMBL187299,9.28,2.799381610922143,4.321165841489224,3.512843568667411,-1.6902419871161745,-1.3577939444655933,-0.3484953579609356,0.4783753303382727,0.06597461001983453
CHEMBL199407,7.36,-0.6508068550361849,0.6771942564380243,2.2712862917320664,0.9515237994618497,-0.013447942310982636,-1.1614159434135891,-0.5297070865018221,-0.23132235157538522
CHEMBL199451,5.8,-0.6508068550361849,0.6771942564380243,2.2712862917320664,0.9515237994618497,-0.013447942310982636,-1.1614159434135891,-0.5297070865018221,-0.23132235157538522
CHEMBL199512,7.22,1.2508520029771995,0.06336775025357347,1.9288937452853379,1.2133166039669718,-0.8270423599810184,-1.1895575107699783,-0.7869443139804186,-0.9892510762102278
CHEMBL199634,7.58,-0.6508068550361849,0.6771942564380243,2.2712862917320664,0.9515237994618497,-0.013447942310982636,-1.1614159434135891,-0.5297070865018221,-0.23132235157538522
CHEMBL199704,8.15,-1.019814324906612,0.8655823178100067,2.670823425423932,-0.2807942045580976,-0.9279402160189578,-0.5399700711137703,-0.9556551151343975,-0.3176100175399098
CHEMBL199743,6.48,-0.09249281276408512,2.6742515890250567,2.556212522527189,1.5202987968786503,-0.6419114934461296,0.011282644115775271,-0.45042099339470637,0.09308926694132298
CHEMBL199850,6.23,0.33291286092553224,1.9546855325168342,2.786513869862321,0.553071818227058,-0.2716963432752339,-1.21758500760067,-0.5466755383468667,-0.01845341986954293
CHEMBL200044,8.43,-1.4452199985962293,1.5851483743182289,2.4405220780888,0.6864327740934949,-1.2981553661898537,0.6888975806026748,-0.8594005701822374,-0.2060673307290441
CHEMBL200698,7.85,-1.019814324906612,0.8655823178100067,2.670823425423932,-0.2807942045580976,-0.9279402160189578,-0.5399700711137703,-0.9556551151343975,-0.3176100175399098
CHEMBL200748,7.5,-0.015562690759852907,-0.3962520802146012,1.84318410958385,-0.7783519907371621,0.6837554005233398,0.5929713519801916,-0.8038137901742053,-0.592542915269308
CHEMBL203299,7.6,-0.5266782647165481,-0.5366533595998205,1.882432888166471,-0.41800681276492474,-0.1071774782340359,0.03917377495382254,-0.7047486036460903,-0.37655472370267173
CHEMBL209651,7.19,1.6922517793774645,2.5127238520154727,0.02169721747803538,0.9466011651788658,-1.5270380662191605,-0.17018134589707334,-0.33659868169265267,-0.23900512733981794
CHEMBL209808,6.24,1.7847289385001355,1.7340460898182628,-1.3239858101690463,3.4665728039770602,-2.6663462693341047,2.2407213785692184,-0.5207765441154749,-0.5100144966952865
CHEMBL211077,6.65,0.19022099332588005,0.7391753352678826,-0.8831269936092798,1.32410299297766,-2.460001825735606,1.464845994387706,-0.5072728735638764,0.1886890511442027
CHEMBL211484,6.74,1.0131998555747754,2.1655375910876935,-0.2837557419698242,0.9969277033556923,-2.6317043672411695,1.4088152212270455,-0.708738659043484,0.5947282174891191
CHEMBL211994,6.63,0.48532612460697183,2.936062102654437,-0.40911638833556996,2.0196896943848257,-3.009332852219816,2.6432609503474307,-0.6447526187837733,0.3993698088448759
CHEMBL213627,6.85,0.3774866930808666,0.7491396480010676,-1.233599719800532,2.618892701184291,-1.5476941308096586,0.8715755691205581,-0.10473840641208783,0.13671155265969992
CHEMBL213823,6.22,-1.9849356488715213,0.9255389496920344,0.6459943377270352,-0.6454435213356015,-0.34545452038584545,-1.0827867408485061,-0.8377372340616942,-0.2144764135105291
CHEMBL213921,6.91,-2.8604938403526226,1.026155863827944,0.5719453711216955,-1.304813094229912,0.15395177438546445,-0.790588568386027,0.4915352648835471,0.18781536477489302
CHEMBL214234,8.74,0.0009245987518657796,-2.083165884893503,0.8640139260551959,-0.6840859347243645,0.7450138844146219,0.617764764196275,-0.345961410658294,0.006354448781193032
CHEMBL214567,6.69,-2.089667023855199,1.831165921426647,1.1418083690277938,-0.7802608767518343,-0.661433785642787,-0.9706632295274465,-1.3032153513005373,-0.23800163481104147
CHEMBL214574,7.4,6.947306423409625,3.861287921596922,2.5459083679822316,-1.1066273950603371,-0.5787752991474302,0.0676438923275801,-0.09234784025167193,0.06303578517797523
CHEMBL214923,8.05,1.028939628188588,1.5836556375517954,1.912607553429143,-0.32196636477105817,-0.03757494054707072,1.7756097506380124,-0.5636914467060903,0.28741551736388704
CHEMBL215988,6.71,-3.6749248059937676,1.2236252937915253,0.802591462854431,-1.147567847590643,0.3958511725061433,-0.7811822106462933,0.12410651368060721,0.016531046892853875
CHEMBL216990,7.63,1.1006570246128058,0.8844411419139674,2.2272605086963266,-1.0189390999213626,-0.9246554120477495,-0.34192663385863226,0.43307106375396126,-0.3506671801227194
CHEMBL217018,7.66,1.5581620666743499,0.7955029764182571,2.067892011261225,-1.1187236364287523,-1.0476466196530836,-0.3417923728533839,0.6358367311779163,-0.13167127883889304
CHEMBL217160,7.56,5.632541337113028,2.097703717582518,1.2906114307036642,0.565664140945088,-0.599431363737929,1.1094008073452117,0.13951243502889363,0.4387524651774932
CHEMBL217295,8.47,0.011616097439941665,0.17060274851445847,1.3775949154967915,0.045027042187699595,0.27851007546728995,1.8021943512137983,-0.5781534526245539,0.2054907336595247
CHEMBL217456,8.09,2.8268604280628367,0.5972750845564411,1.664803408458969,-1.58854695294482,-0.03633341319217648,0.5471448819373124,-0.05164898938638602,0.8328605344045
CHEMBL217627,7.89,-0.3946821539243436,1.3809254613936983,1.9610758723223491,1.8614380832082849,-0.6216795480083623,0.07038243759361028,-0.15613136155152066,-0.1950335075589389
CHEMBL218082,9.38,-2.8435211400040763,0.19200951704457817,2.34363590681189,-0.5669807717939612,0.16204431296331342,-0.3595424422591525,0.214373817399397,-0.07507516990143107
CHEMBL245637,6.14,-0.6134186233307983,2.3269018905495273,0.3672900793607007,-0.5491431304583287,-1.1069504361937317,0.3423897065548293,0.1798048544046843,0.47010520195500377
CHEMBL245638,6.73,-1.5437562670822977,1.6391683801970292,0.17751791098768313,-0.21532537892599574,-0.5732953827458236,0.25424589611204845,0.31877946342007496,-0.18755636978445137
CHEMBL245639,6.68,-0.8870556433153537,3.00118568125943,0.7499781235813741,-0.5621548462912862,-0.7297877678402096,0.20362156946952198,0.15848031220481534,0.05304403761182872
CHEMBL245913,5.6,-2.628870595022767,1.9948987728420748,-1.987641825948941,0.4662923548978191,1.1608109899145505,-0.08690161277089889,-0.2888647211323245,-0.44462922056808135
CHEMBL245915,5.44,-2.7940173390606042,1.0476887655885927,-2.4195537223391588,0.8690346708785449,1.2664660116540605,-0.29174873184515343,-0.2675339005108153,-0.10428551354253449
CHEMBL246118,5.74,-2.5580124749006092,1.238322767644747,-2.4390783112098693,0.6455468602727584,1.4690114916428467,-0.1766736531617059,0.13796157500893838,-0.44631428411468976
CHEMBL246119,4.17,-2.1966742942017525,3.449779114660498,-1.575101510537702,1.7634075951761101,1.6908110511673926,-0.7995227736247601,-0.5512062176291503,-0.30160981970978107
CHEMBL246120,4.85,-2.1258161740795942,2.69320310946317,-2.02653799579863,1.9426621005510498,1.9990115528956889,-0.8892948140155669,-0.12437992148788783,-0.30329488325638987
CHEMBL246388,5.55,-2.864875459182762,1.8042647707859205,-1.9681172370782307,0.6897801655036054,0.9582655099257641,-0.20197669145434652,-0.6943601966520783,-0.10260044999592569
CHEMBL247284,7.85,0.3607384317529827,4.87097491886386,1.1467536440822703,0.09611703277201095,-0.5516151616559332,-0.05819190460956515,0.41446508653561853,-0.15294738517326037
CHEMBL251242,7.38,0.7895604066089871,0.10082175743012885,-0.8460809037010141,-0.7114804857849352,1.916114324188886,-0.3874736271592926,0.1686729585977224,1.0291358019136883
CHEMBL252758,7.47,-0.25429866899355236,-0.01598491757891512,-0.5658498709149794,-0.3384865250942292,1.9009389315807752,-0.5018360404334363,-0.5152460293712247,0.7957564699005447
CHEMBL252759,8.03,3.4844758176639323,-0.8486681881179958,-0.5740197283012245,1.0105473070042634,0.06240483916869513,0.9477660540725075,-0.061169875147051085,0.1860675071667473
CHEMBL254843,7.0,4.456380461749784,-3.9043489400757,5.420016959437876,1.5862267943498167,0.7351749229122666,1.215615774034469,1.0244208422545038,0.7879528770197232
CHEMBL255054,7.75,3.901870716485921,0.694115464632515,0.1762516288779879,0.7815599931770599,-0.027237834416278753,0.9021507670803247,-0.41343177593146335,0.2897405666478341
CHEMBL255055,7.19,0.1459202434182273,-0.061315396090049344,-0.6989170923480656,-0.4124105414084796,1.8052327895411744,-0.502687675937654,-0.3799757580465097,1.0759268465720346
CHEMBL255065,8.89,3.2590945965581986,-2.856814079344339,0.008281924522057513,-0.717713124943072,-0.38454983896425815,0.6012508944708777,-0.08282875594015206,0.2845493762120144
CHEMBL258511,7.54,0.8471538221813282,1.1055453829721353,-1.765754835608903,3.364348441536435,-2.0133545971731697,2.0432999538649135,0.19929624415564196,1.1525995915027814
CHEMBL260151,6.83,1.96931615262185,-1.1100992239263137,0.44885375650130144,2.08837683860165,-1.306649551918234,0.021085890547800155,-0.010071175844098659,0.6802246526362535
CHEMBL261737,7.95,0.7020271547657846,0.5776755467405151,-1.623875952900365,3.856625962982338,-0.6258150150944839,0.26263402226562527,0.3022881748555706,0.18393544179462235
CHEMBL263636,7.7,2.5887838734854607,-1.0745722744023696,0.3510621233540989,1.6775880623838846,-0.574919138523085,0.5758005078762755,0.019102561795834902,0.3258907030600352
CHEMBL265454,6.19,2.1312788314239173,-0.9856341089066595,0.5104306207892011,1.7773725988912743,-0.4519279309177514,0.575666246871027,-0.18366310562811955,0.10689480177620896
CHEMBL273878,7.82,2.357125863292586,2.533932826150188,1.9911997511708668,2.064004167733306,1.1645341340696502,-1.7898532503294848,1.9669840065978885,-1.5572347986807127
CHEMBL275707,7.01,-0.7874468711629725,-0.42017457452531615,-1.1126755045669943,3.020738689773778,0.3769583508865934,-1.0496690057632316,-0.42135409072804797,-0.24795517700830091
CHEMBL278165,6.02,-2.686529232142787,1.1348239760357839,-2.173543167926043,-0.4318933535202958,-0.3332245928188369,-0.12138334831424254,0.17764110153891502,0.13143541919256682
CHEMBL278809,6.09,-3.009531537010372,1.8968735161798187,-2.6764861936523223,1.7902539841494787,0.2272571976917401,0.5226081726568457,0.8834145872361074,-0.17396868832764512
CHEMBL281288,9.23,-4.085989953646527,-2.8575379126699696,0.9396983607963285,0.04008672954110015,0.49933347433827097,-0.3035438770811369,0.4382837175237638,0.04158546626644145
CHEMBL281388,7.58,1.4543453018782053,0.8640895810435726,2.1429089007642754,-1.289193343422651,0.3326402096238253,0.5467420989215673,-0.6599459916582501,0.17587283055302086
CHEMBL281594,7.92,2.8232806394308296,-0.7514127159229975,-1.2981730491137462,-0.30294422222007344,0.8154277568413042,-0.5243178326811975,-0.3681053256744882,0.8741071786640945
CHEMBL283154,7.04,3.6866828169923545,0.23669039496343985,1.6906921184706638,-1.0877917334984297,-0.5454519348929339,0.5251001507492108,-0.8337777808746236,-0.27701900728662116
CHEMBL284002,6.76,-1.8471699233730727,0.3595448297221982,-2.099711790606784,-1.5698281922540984,-0.028220124208791903,-1.3461364261898126,0.4574704962947394,0.24536743223004653
CHEMBL284096,8.68,2.8420320083388146,-1.6804819838423786,-1.5194970603609599,-1.6061691517261585,-0.009543828303669372,0.30545490294590666,0.5424250576976016,-0.3654272054373205
CHEMBL285673,8.24,2.121024958642272,-1.9505019573106015,-1.4536171578003094,-1.1998163083732631,-0.13148304326962093,0.16616807313398296,-0.41320369856904493,0.03178684772529274
CHEMBL286949,7.85,4.885590432447638,1.9716067407113245,0.6914792070082427,0.38310801194226796,-0.2854862353805298,0.8459817028932443,-0.43040022777650766,0.5026094983536759
CHEMBL286991,9.05,2.728958256593487,-0.7824758970620901,-1.2156450277000923,-0.26640275946404884,0.8150584312173702,-0.5327305599113927,-0.3941671366241808,0.5896757068205709
CHEMBL289013,7.88,2.7777255824092166,-0.5884846562481998,-0.8811569452066185,-1.5466457757385532,-0.28797542836400714,0.11554374649145657,-0.5735028497843042,0.2723872551215727
CHEMBL290799,8.92,3.7518826374929977,1.9555883720661331,-0.10169338048504897,-0.9013856125082138,0.2673598461737914,-0.285037864672938,-0.3388426176533701,-0.35066533200669076
CHEMBL295880,6.19,-2.46449459818366,-0.36584745590133694,1.8199457463097442,0.6226341723479876,1.0207371531397729,-1.0222004138768428,0.6380667820959083,-0.13576228909710186
CHEMBL296394,7.88,-0.05407412271152639,0.6004366370937699,2.436909244879347,-0.45611361602747935,-1.1563587579556627,-0.5707928662596271,-0.62265186896302,0.05230239956980687
CHEMBL296602,8.77,-3.5511248185549493,-1.3365431637246592,-1.8804532423587337,0.3638096868551662,-0.24477942521544385,0.4153653720008655,0.1236292660466017,-1.0308407115579121
CHEMBL297166,5.7,-4.159926991530318,1.1442393223794571,0.8489467765443718,-0.9647028148435338,0.47645743752897873,-0.8053939617747692,-0.4260267670662871,0.07171632948331153
CHEMBL299635,6.45,-0.05407412271152639,0.6004366370937699,2.436909244879347,-0.45611361602747935,-1.1563587579556627,-0.5707928662596271,-0.62265186896302,0.05230239956980687
CHEMBL300511,8.29,0.9200829323722546,3.144509665408102,3.216372809600916,0.1891465472028602,-0.6010234834178642,-0.9713744774240219,-0.3879916368320861,-0.5707501875584564
CHEMBL301174,8.02,0.9200829323722546,3.144509665408102,3.216372809600916,0.1891465472028602,-0.6010234834178642,-0.9713744774240219,-0.3879916368320861,-0.5707501875584564
CHEMBL304678,5.54,-1.3956031200187147,1.5015543481795373,0.2552724641686806,1.4000119120834593,1.3841877177418693,-2.0861043044871073,0.09680754469862668,-0.7670629437129614
CHEMBL305876,6.28,2.160738125036239,-0.27867513053811044,-3.3699508783683987,3.090369647564639,-1.1829105676247806,-1.4332542399063646,-1.1278904883157574,-1.8774468988978943
CHEMBL305998,5.27,2.548474876284929,-0.2977655773063498,-3.490688776838452,3.024294877021963,-1.2673383902421593,-1.4342283449870177,-1.0096836628266022,-1.5652002535785285
CHEMBL306314,7.01,1.7718591266698411,-3.0425143759866167,0.2497586891895564,0.10567299959916338,-1.8395358303027216,-0.5062975510464257,-0.09540263065169101,0.5051370678556742
CHEMBL306359,6.46,2.8979070393793736,-2.8302984218414933,0.09624424252126439,-0.44454764935141167,-1.6379569020648785,-0.2872368687686387,1.002249719128244,-0.23438342466951262
CHEMBL306528,6.66,2.425897311059385,-3.2115664259538015,0.13529342026268446,0.002427971860160585,-2.0430478620424513,-0.5173870261355337,0.19125876808873832,0.44967411647479805
CHEMBL310310,7.52,-1.1691166912806805,-2.1409029495756173,1.048391595956902,-0.11901769143333342,-0.5469945056423124,-0.3744300349081317,0.13925867500702016,-0.19945759263412513
CHEMBL311044,6.7,2.334883083024608,-2.936406398914055,0.17300146585541026,-0.16943732487612434,-1.7387463661838003,-0.39676720990753234,0.4534235442382769,0.13537682159308076
CHEMBL311347,7.57,-2.6050721070451806,0.25804169017488493,2.3316065192505686,-0.6481011753969065,0.1293447421299721,-0.35048905223261706,0.47166674984674756,-0.06307733583601485
CHEMBL314424,8.46,3.502030538028002,0.8634844167373111,-1.3800975117851868,1.4822924413141374,1.1404500548889582,0.005808331373317067,0.16921535444880392,0.8955502473384981
CHEMBL315697,7.4,-1.7548630757483314,-0.1859697635787504,-1.5790219581292966,-0.1786763550168637,-0.7564235761981143,0.3650429072282213,0.4799236443570179,-0.6868810727395265
CHEMBL316341,5.88,-1.2269893447805278,-0.9564942751454939,-1.4536613117635513,-1.2014383460459979,-0.3787950912194673,-0.8694028218921637,0.41593760409730757,-0.4915226640952835
CHEMBL317757,7.95,-0.7099094997220574,-1.9662083678777402,1.0466512621258066,-0.5645977229025201,0.9340817877535174,0.623634778005713,-0.6076978729391778,-0.26167372950480466
CHEMBL318961,9.03,-1.5559743461102433,0.35917805851894014,2.0601634339446266,-1.130099857209962,0.8044603185010103,0.2074295766630893,0.5707500767399177,0.2607262006388896
CHEMBL321888,9.03,-3.5711987819352187,-2.9900837651502563,0.7540285873592101,-0.08555832715942924,0.3490572011672037,-0.3024237195664227,0.7085447810469591,0.1994068921626032
CHEMBL322365,6.81,-2.198683655750586,-3.2568982616373874,0.27592309505390344,-0.3849119366815988,-0.01991642164879823,-0.3020209365506777,1.3168417833188246,0.8563945960140823
CHEMBL322385,7.97,1.0933187903794026,-1.370890580587432,1.1314419574377572,1.1854602232744749,-0.5360741055708008,-1.0337200433614653,0.014989019812644652,-1.4587743280497585
CHEMBL323600,4.91,-3.9526554376871395,0.8790963114526554,0.7170555377306274,-0.834027035489102,0.15882060515376373,-0.9206019899449969,-0.6461594301254048,0.6520901165461161
CHEMBL324465,4.8,-3.576763073776083,-0.8945185416988065,-0.3140421714755751,1.237826835443735,0.6947294562691912,-1.4688078090047723,-0.7399381693493299,-0.7112245909737189
CHEMBL324886,4.66,-4.915397975434701,-0.17458405844179417,-0.048406848362992666,0.7009237064633248,1.6091133380581484,-1.3311359005094894,0.06612523301923497,-0.3230561126014702
CHEMBL325330,7.31,-2.2201696916133074,-2.5393873889405563,0.3909239166027148,0.8402126364554333,0.8289823978964143,1.9012882267682056,-0.5266576038234789,-0.631482272422838
CHEMBL326243,6.9,-3.1536266171723764,1.175838290581371,0.6207737255257708,-1.3326251705701764,0.4621555492614714,-0.6959965701226559,0.3081622202843182,-0.05969890028863327
CHEMBL353112,7.52,-1.823078080690322,-0.28320492029258676,1.8172450665342472,-0.5892639642040685,-0.38280328738744895,-0.4836941004789927,0.1837699639057052,1.2378517981523411
CHEMBL353240,7.55,-0.9825569242249801,-2.1307256517397812,0.9890254930086235,0.09598667624557883,-0.9035486540103421,-0.45251325674057813,-0.13129927020469168,0.31923635962498825
CHEMBL353307,7.8,-1.5141484719271465,-3.74268137507119,0.25783112992969165,0.32487883669740375,-0.7142522300858549,-0.43457011395832534,0.10409364242977315,0.42852194590492027
CHEMBL353829,7.7,-1.9954664017418247,-0.25150522958533916,1.9367938632402608,-0.5231613532323401,-0.34296161273762404,-0.48990938438302284,0.07627138723611172,1.0300850858934336
CHEMBL353860,7.64,-2.73808816481341,-0.10532858930116602,2.135982061404452,-0.3896948911892887,-0.1368208721767812,-0.4839626224894895,-0.22176137094220533,0.7998599955846888
CHEMBL354879,7.96,-3.7233123271901305,-0.8877535873259903,1.2112995787018657,0.8447409579136721,-0.3139422139386503,0.7716238908079897,0.0627968355154463,1.048473799975019
CHEMBL362565,8.91,2.560932577963248,4.255133668358917,3.524872956228732,-1.6091215835132295,-1.3250943736322522,-0.3575487479874711,0.22108239789092318,0.053976775954417966
CHEMBL365413,7.59,-1.9932501678578443,0.24791409425240965,1.1599619869042737,1.00057249076253,1.4054608282200796,1.0282257616165056,1.0511397640271725,0.3127869314865342
CHEMBL365623,9.28,-3.2689268136936938,0.9115755735528007,2.1133345594767583,0.4002462068576311,-0.20817083720758228,0.8693252094572926,0.310628362351557,0.03646751690943501
CHEMBL365649,8.72,-1.3369183370075954,0.20420771989292297,1.912824324070845,-1.1487639901144064,0.7141686817290177,0.1985104476418022,0.5162228117165225,0.46772426785729965
CHEMBL369098,8.36,-0.35205899356816656,0.06606332314795559,2.0982521707890274,-0.42108717361715275,-0.5111714866430952,-0.5425632412959367,0.058649176994414416,-0.663845042501991
CHEMBL370805,3.41,-2.1936037710066003,3.0049011966036026,3.726817129581158,-0.7973772960646883,-0.31000848796374014,-0.5563324991959068,-0.9361953476264522,0.5167265295509214
CHEMBL372121,6.46,-0.2638198713991261,2.0314431518610885,2.6208909167150414,1.9607092337163865,0.871214472369446,-1.8082080847546318,-0.4537307558856684,-0.30207817101473494
CHEMBL377129,5.82,0.029480139613057916,0.8880463150088852,-0.7989833201000789,1.395379684590484,-2.3734559662769183,1.4649842854141264,-0.6917702071984401,0.38185928578327705
CHEMBL378437,6.33,1.4896238072190437,-0.46284067756829234,-1.7979964154427563,2.770986102569895,-2.1170152428498934,1.0623064226094938,-0.38329679889557805,-0.7206952543959598
CHEMBL381249,6.26,0.39209084811741335,0.17600590252978512,1.9610381364838039,0.6976720250472416,-0.24190061753809228,-1.2237551511582576,-0.10564320077240232,0.14801229398148713
CHEMBL381418,7.16,-0.9535016399754931,2.0337702980066807,2.2943126717710154,1.8304355637642649,-0.09751368625248348,-0.0700180720594277,-0.3179461223272409,-0.25329792886788144
CHEMBL382943,6.28,-0.5280959662858754,1.3142042414984585,2.5246140191061475,0.8632085851126722,0.27270146391841243,-1.2988857237758726,-0.4142006672794006,-0.3648406156787475
CHEMBL383572,6.92,-0.2638198713991261,2.0314431518610885,2.6208909167150414,1.9607092337163865,0.871214472369446,-1.8082080847546318,-0.4537307558856684,-0.30207817101473494
CHEMBL384104,7.96,2.312069256351528,0.7298209370367279,1.8504731818960873,-1.4629018962442908,0.11394285997889073,0.5460247244225981,-0.32191005290958113,0.675039108508338
CHEMBL384482,8.43,1.911850343939749,0.7751514155478623,1.9835404033291733,-1.3889778799300407,0.20964900201849143,0.5468763599268157,-0.4571803242342953,0.39486873183684734
CHEMBL385942,6.87,0.6533439879669727,1.5664194098783286,1.8379633352982623,1.4034627259858878,-0.6014963489122763,0.20412452986097962,0.9428280940853411,-0.6199790364119895
CHEMBL394320,5.36,-3.1918945513775348,1.8887907957695134,-1.9108846026147945,0.7414026793731069,1.0600215257956294,-0.1964319539097923,-0.8376908960222932,-0.07486897430548789
CHEMBL394965,5.5,-0.5522614900041196,2.2752375307032864,0.33728189877219006,-0.5736241684494985,-1.1389283816749385,0.3412256108370539,0.24573956040634887,0.4055582029990174
CHEMBL396328,6.39,-1.9934862480273798,1.0866844201201877,-0.01857718192296252,-0.0753876507073171,-0.7576887731053533,0.39726041401888634,0.05994234482743899,-0.02630662999065133
CHEMBL400707,7.4,0.20320637306799122,-0.10492308307462558,-0.7252183683500817,-0.43827106160161905,1.7779477239754413,-0.5017017794281879,-0.3124803619472698,1.0147523711843702
CHEMBL403575,7.7,2.3144021621805435,-0.6711279215478617,-0.9468641657652097,-0.11756080258696294,0.9308829088344319,-0.5382309052459595,-0.6651443867719006,0.21869101866207324
CHEMBL408192,7.65,1.8126889439922427,-1.9214661029701097,0.7701771252630008,1.1601974630097578,-0.8081478961755628,-1.2126582855236006,-0.2105323753823557,0.1511702800382304
CHEMBL409161,8.96,2.6035829753799202,-1.7465141569726856,-1.5074676727996392,-1.5250487481232133,0.02315574252967137,0.29640151291937084,0.2851321252502516,-0.3774250395027366
CHEMBL412263,5.98,1.6201632574672216,-1.1260353882918783,0.5496793993718221,2.1377177768635116,-1.242860809675127,0.02186866984465815,-0.08459791910000498,0.3228829933428454
CHEMBL413927,8.33,1.7394620228882465,0.80685110625511,2.103089200035187,-1.3228752689583123,0.24949067666831642,0.5406610760227856,-0.5646789009038887,0.18710201957793995
CHEMBL416409,9.15,3.6956647244608813,-2.4798024385114594,-1.7387770697836016,-0.8864009899986391,-0.8433214450697905,0.14357124332214855,-0.8137716254178581,-0.6984104012191121
CHEMBL419744,5.94,-2.378015671868527,0.3497958302517967,0.43189562574733464,-0.5206117171144785,-0.5530177966464068,-0.9431988197568317,-1.0467273569742155,-0.07810713239828888
CHEMBL420291,8.73,-4.134222738289987,-3.0961917422228176,0.8307858106933562,0.18955199731585867,0.24826773704828287,-0.411954060705316,0.15971860615699052,0.5691671384251965
CHEMBL421679,5.04,-0.4921062589784441,0.8335436683849923,0.07087368416876684,2.0045485403397905,0.6511599015668348,-2.2402430516774308,-0.9738519434411859,-0.9494069614741314
CHEMBL428704,7.31,1.7960450641209849,0.7636000280375896,2.077037240594374,-1.348580139120688,0.22252792652121384,0.5417133643732349,-0.4977382988126476,0.1262428279876983
CHEMBL429015,7.88,1.4618292423732484,-0.1147603189190354,0.6347400343530226,1.0721671457809856,0.8292291723885782,1.2066562906974276,0.4088558473193919,0.514267998474534
CHEMBL429065,6.12,-2.8734858728735087,1.920422205674313,-2.4158739028224967,0.45421322152835136,-0.736139313823074,1.1165376934287377,0.5311885789384255,0.2549759400688491
CHEMBL429658,5.73,-0.06436666717979696,1.3635575078556867,-0.22798626015311887,-1.2364807782087517,1.4770748120405073,2.0521845002523693,-0.01832257933156015,-0.7776653109969868
CHEMBL432401,8.92,-3.1136937398736744,-3.079021930645967,0.5946600899241075,-0.1853428636668189,0.22606599356186954,-0.3022894585611744,0.9113104484709139,0.4184027934464295
CHEMBL433138,6.22,2.639247659757733,-1.9740045445909589,-1.6764909192420285,-1.3140531015538275,-0.23714605762246757,0.17087296660313256,-0.23556190502615013,0.5907608700189225
CHEMBL433159,8.48,-1.3369183370075945,0.20420771989292302,1.912824324070845,-1.1487639901144069,0.7141686817290176,0.19851044764180226,0.5162228117165234,0.46772426785729965
CHEMBL433560,6.74,-0.10550584099051304,0.0794171214297174,2.063926244660408,-0.522831802761317,-0.5590781808325893,-0.5274048801939962,0.3514895252939582,-0.731028159157865
CHEMBL434093,7.25,4.266684687771038,0.09703828557956544,-1.0108545746723452,1.1338933235896513,1.0939147840744095,-1.1984116973032246,-0.8703387154500417,-0.48581991201329006
CHEMBL435287,7.92,-0.9150829499229336,-0.04004465392460592,2.175009394123174,-0.145976849141865,-0.6119609507620165,-0.6520935824348297,-0.49017699789555386,-0.2940847962393977
CHEMBL439030,6.13,-1.6664671558326072,1.0021583951365953,-0.07580981638639858,-0.12701016457681844,-0.8594447889752186,0.39171567647433214,0.20327304419765355,-0.054038105681089195
CHEMBL440272,7.61,0.9021689449262001,-2.980316234978464,2.3391025293540193,-0.19149072783508234,0.5484557470726075,1.0596355492213305,-0.05255549666016564,0.18382749707913165
CHEMBL443649,7.44,8.022339050890642,0.8215434509223435,-1.3471067047164687,0.18361435857794217,0.10906901430602559,-1.2721257131666734,0.23456351911184123,0.9442830529955419
CHEMBL444690,7.29,8.479844092952183,0.7326052854266331,-1.5064752021515706,0.08382982207055306,-0.01392219329930803,-1.2719914521614253,0.43732918653579456,1.163278954279368
CHEMBL487088,7.47,5.751417679682437,1.48396924813628,-0.8749776668233255,-0.0010534190654643517,1.0078002391970537,-1.2502924392105228,0.3647152260949674,1.4422699048092282
CHEMBL489601,8.49,5.236626507971129,1.6165151006165666,-0.6893078933862073,0.12459163763506448,1.1580765123681203,-1.2514125967252372,0.09445416257177333,1.2844484789130663
CHEMBL490424,7.82,5.2939126376208945,1.5729074136319905,-0.7156091693882235,0.09873111744192503,1.130791446802387,-1.2504267002157714,0.16194955867101404,1.2232740035254017
CHEMBL495520,8.27,3.393678391121089,0.9683587465985863,-1.3215546572206058,1.5327360395596654,1.1996525202511843,0.00489129107121047,0.0409764302807562,1.0338960053480806
CHEMBL495726,7.66,4.8364075955593515,1.6618455791277007,-0.5562406719531213,0.19851565394931459,1.2537826544077206,-1.2505609612210196,-0.04081610875294081,1.0042781022415759
CHEMBL496753,8.17,5.344978654878044,1.5116407707552912,-0.7478507479507888,0.07414803938953635,1.098874047005894,-1.2504955564231304,0.22269308673982105,1.1461027209034838
CHEMBL497586,8.25,5.402264784527808,1.468033083770715,-0.7741520239528048,0.04828751919639713,1.0715889814401607,-1.249509659913665,0.2901884828390611,1.0849282455158196
CHEMBL498600,8.37,4.944759742466265,1.5569712492664254,-0.6147835265177026,0.14807205570378673,1.1945801890454943,-1.2496439209189132,0.08742281541510663,0.865932344231994
CHEMBL502790,8.03,5.71287997058995,1.3964060452660865,-0.823722138590329,0.0027233236888031848,0.9782272201408667,-1.2545280382188848,0.41665467379522914,1.0727860471303265
CHEMBL505059,7.83,7.564834008829098,0.910481616418054,-1.1877382072813665,0.2833988950853319,0.23206022191135947,-1.272259974171922,0.03179785168788593,0.7252871517117161
CHEMBL507255,8.16,7.456481861922185,1.0153559462793293,-1.1291953527167853,0.3338424933308599,0.2912626872735852,-1.2731770144740284,-0.09644107248016112,0.8636329097212989
CHEMBL521582,5.44,-0.4335970594860081,0.6074801387927248,-2.364612673517118,-1.7883425834198288,-0.9774998551540051,-1.392156905424967,-0.10736143737744015,2.265899150075923
CHEMBL534500,5.76,-4.096743046977755,1.7460046988906146,0.4429753862417598,-0.11108297288977423,-0.033499442050568054,0.4235975947038123,-0.09126505280073734,0.3647671133981739
CHEMBL534501,8.38,-3.1225739285651626,-2.8962403931220795,0.7702695681678579,-0.32058221088689187,0.4620809589515859,-0.19818915766307696,1.2179225693745734,-0.4396098255439845
CHEMBL534502,5.2,-6.436185195145937,-1.2154502669638112,-0.699679725365756,0.8193948680695119,0.38155106653245663,0.39129587568122,-0.46449902567035967,0.5985595190406403
CHEMBL537206,7.12,-5.0167420693983855,-2.947891143266863,1.1327226269087773,0.3749871700786674,0.4768549996183722,-0.4123657226408916,-0.2089616387854863,0.09305696408286789
CHEMBL537209,6.39,-5.644991165709242,0.8574717237932288,-0.40494987312667996,1.3984632006884743,-0.3114102479313585,1.5696537668623982,-0.3555330212330539,0.9831411640510973
CHEMBL537429,6.32,-4.453718113043618,-2.8417831661943014,1.0559654035746313,0.09987684560337984,0.5776444637372933,-0.30283538150199835,0.3398645361044814,-0.27670328217972495
CHEMBL537430,5.12,-5.1729908610579365,-2.1594706531075314,-0.7145307912351593,-0.3237372750683215,0.4980236456211362,-0.8426575753621043,-0.1521001281197144,0.611287716974235
CHEMBL537431,7.05,-5.0440808898984235,0.016160404349336438,-0.3190891082460998,0.3416487655576172,0.026293791512027955,0.33584729896029253,-0.33299655892458035,1.0850753430231608
CHEMBL537652,7.45,-3.5955890254077576,-0.5387884217351856,1.4532187855141947,0.5203532225352576,0.1291029013720038,0.9851099155966196,0.7512109657745536,-0.435782770741645
CHEMBL537653,8.41,-4.518943252999708,1.069687677938352,-0.5584643197949725,0.8482425517378989,-0.10983131969351607,1.7887144491401845,0.7421193285468825,0.24362067152591085
CHEMBL537654,6.44,-3.533719090622986,1.8521126759631765,0.36621816290761344,-0.38619329736506236,0.0672900220683531,0.5331279358427058,0.45756112208923155,-0.004993132864419501
CHEMBL537875,7.56,-4.248621841274698,-3.108456347267202,0.9237840148361504,0.22963843806368375,0.2605020307137438,-0.4172498399408636,0.12027021959463768,0.2999106669812016
CHEMBL538405,9.14,3.5492546653345762,-1.0199761575176307,-1.9213870134058408,0.9229993248828149,-0.3226173304569414,0.9474499038336299,-0.3855407348562954,-0.8323554590628331
CHEMBL540625,6.76,-3.9217290453959435,-0.9407887031490578,1.38124375801628,0.9112468892496428,-0.30590183299241447,0.7610883679347654,0.0190867702721741,0.4727883367046224
CHEMBL541134,6.04,-4.5870942822436,-1.242399110793346,1.916927422991835,0.19083343129268843,0.34227907784071915,-0.4300247467276024,-0.5606119689160584,0.10470091240258551
CHEMBL541895,6.75,-4.7061268833362435,-3.019518181771492,1.0831525122712529,0.32942297457107356,0.38349323831907767,-0.4173841009461121,-0.08249544782931828,0.08091476569737553
CHEMBL541898,5.18,-4.688584669477488,-1.6830063008842417,1.652731109028781,0.07184754570150514,0.3044962324120312,-0.17822231818794068,-0.30846446568762503,-0.163989025836205
CHEMBL553859,5.68,-4.762080449958081,0.04896750178929602,-0.33401702322664967,0.33145168552949206,-0.06418630536579648,0.3409203761512013,-0.249021898761259,1.0905943785240577
CHEMBL553921,5.2,-4.721636938117293,-0.7510043758803083,1.6067332321824874,1.0705738714858335,-0.07247602686583857,0.7660492333188332,-0.3464413840053827,0.30373772178354164
CHEMBL554565,6.22,-2.5674051025932325,-0.05905188764585044,-1.3652256642284792,-0.03464229437962588,-0.5030278261796952,0.35919630781378487,0.1066608142015576,-0.8179717798520701
CHEMBL556366,5.34,-6.855106381113421,-1.161538712601905,-0.5602234835301858,0.9024455722960872,0.48390319376351965,0.3909702888921765,-0.6235846108610664,0.33446860378277105
CHEMBL558394,7.85,-3.4610463695340643,-1.0301831566482231,1.7634129763235427,-0.3593872176578872,0.5438580060785612,-0.21096406444981575,0.5370403808638784,-0.634819580122601
CHEMBL559186,7.46,-3.89069415668885,-2.73567518912174,0.979208180240485,-0.17523347887190793,0.6784339278562145,-0.19330504036310495,0.8886907109944496,-0.646463528442318
CHEMBL570638,5.98,-5.381448893148438,-1.7005813013380244,0.24163653044788808,0.8790657225944287,0.9823111468401278,1.2000163046842593,-0.6196527652986701,-0.06658892042286478
CHEMBL570871,5.83,-3.9634448862575495,-1.5641094929877448,0.07147623080035255,0.07831777306523136,2.426141853228613,2.3011428138913734,-0.5988525029295535,-0.601959409862564
CHEMBL576092,5.91,-5.892564467105134,-1.8409825807232438,0.28088530903050896,1.2394109005666658,0.19137826808275193,0.6462187276578903,-0.5205875787705548,0.14939927114377147
CHEMBL576508,6.64,-5.329540510750366,-1.7348746036506821,0.2041280856963627,0.9643005760913783,0.2921677322016733,0.7557490687967835,0.028238596119413047,-0.22036097511882147
CHEMBL578130,7.8,-4.766516554395599,-1.6287666265781204,0.1273708623622163,0.6891902516160905,0.3929571963205944,0.8652794099356768,0.5770647710093814,-0.5901212213814149
CHEMBL607001,6.58,0.8950785392520013,-3.975290797024621,0.009639984209133595,-0.025397268779327364,0.19811419594521723,0.6509128878846524,-0.5939782705680581,-0.9769208957895198
CHEMBL607002,7.8,1.7403203325622354,-4.0833194092885705,-0.2704664116960217,-0.19125657582939343,-0.00930483427749506,0.6500730438092477,-0.27300577765494743,-0.4456783491863279
CHEMBL607055,8.22,-2.4899760736423087,-3.624282029202809,0.642490186639653,0.542053499878814,-0.4844242253173063,-0.4407193165455318,-0.28145107634919514,-0.3387800517908691
CHEMBL607056,7.06,2.19782537462378,-4.172257574784282,-0.4298349091311241,-0.29104111233678287,-0.1322960418828288,0.6502073048144961,-0.0702401102309924,-0.22668244790250133
CHEMBL607057,9.02,0.5876032347820737,-4.359709827546891,-0.08983299155911381,0.5775958027529692,-1.5699354000567776,-0.4632011087932928,-0.134310372652458,-0.2604293430273191
CHEMBL607058,7.66,2.4791719334460507,-2.5194270420327087,0.4067575579270918,-0.811848959275778,0.7325632176778394,1.1533178528044459,-0.7014940594275789,-0.6762152457902562
CHEMBL607107,8.0,1.2828152905006913,-3.994381243792861,-0.11109791426091953,-0.09147203932200372,0.11368637332783894,0.6499387828039993,-0.47577144507890257,-0.6646742504701543
CHEMBL607109,7.51,-1.794764017923691,-3.2589534454487783,0.6212252639378472,-0.12701434219615887,1.1991975480673098,0.6724205750517603,-0.6229121487756394,-0.7430249592337038
CHEMBL610897,9.08,-3.09007429258173,0.17865571876281625,2.3779618329405094,-0.46523614264979696,0.20995100715280776,-0.37470080336109285,-0.07846653090014728,-0.007892053245557093
CHEMBL611177,6.95,-1.7096806845297043,0.09145861285805673,2.0204893780154687,-0.8371495710746072,-0.10914249676540551,-0.35181314847977896,0.8507354267782244,0.3954459074551588
CHEMBL611178,7.85,-2.0105855139410687,0.22382679640148653,2.19991355765652,-0.7237890378463349,-0.003610195099189989,-0.3538178554708096,0.6114445602699693,0.30911456275424987
CHEMBL611179,6.3,-0.49619195343356415,-0.14347936442948775,1.659875710504887,-1.075138883342641,-0.441317278532949,-0.3572951836304405,1.365955737601651,0.8418594454821199
CHEMBL611180,7.52,-0.6616545426383873,0.2769525613426868,1.8973768409913814,-1.2951249282970045,-0.08895929766931972,-0.21807105621240971,1.949694882415087,-0.02949962139789216
CHEMBL611181,7.03,0.41178954232528486,-0.5428216863845505,1.6627886050584193,-0.5981066158495766,-0.973494625861986,-0.3775414769442791,0.6439313274245442,-0.3247047480822684
CHEMBL611424,7.52,-0.9434482962238823,0.25103820085695905,1.9320855360415694,-1.1947981908417262,-0.03292711295556862,-0.22708132019847102,1.642673523947455,0.010545061159035937
CHEMBL611426,7.82,-1.404945301912052,0.02292688439500137,1.9730498236512766,-0.8813521739473472,-0.19978720603620453,-0.35630155312090206,0.9724651754490187,0.3861436557565566
CHEMBL611427,6.3,-0.5734133771582671,-0.19005736307356483,1.7334602921705553,-1.0514749748141028,-0.44907743440449766,-0.36264950496781645,1.3690778452565475,0.5281385276589281
CHEMBL1201082,6.11,-2.0495548164208377,0.6228165978650548,-2.6052460321312556,-1.156244223188241,1.6771306369039185,1.548771454600732,-0.9054740608208756,0.12183722172126678
CHEMBL1201203,6.93,-1.7321406476354477,-2.2470109266481786,1.125148819291048,0.1560926330419542,-0.6477839697612336,-0.4839603760470251,-0.4095674998829479,0.17030265362846791
CHEMBL1203942,6.24,-4.120726662306475,-1.592315695324201,1.6925939970630672,0.013759436354976177,0.26522801257754763,-0.46775723458327234,-0.3239049216969093,0.40567190075560483
CHEMBL1212960,6.31,0.8409654640537813,-1.4504657627928872,-1.79563048767462,-1.1390136546863578,0.15767960746671963,-0.004411883275960524,-1.130683951129903,-0.5483560829990679
CHEMBL1214690,5.6,1.4558978028066203,-1.3786510880329828,-1.9098961557602916,-1.3288891256646962,-0.4316743430528133,-0.3391487780245428,0.06603358517814828,-1.071888383957618
CHEMBL1214769,5.86,0.8928738464518527,-1.4847590651055442,-1.8331389324261451,-1.0537788011894083,-0.5324638071717344,-0.4486791191634361,-0.4827925897118201,-0.7021281376950247
CHEMBL1214770,5.7,1.6373709469628512,-1.621472182055889,-2.02879414761843,-1.1821406064100075,-0.7374757743404764,-0.4571289815561554,-0.1921972439414985,-0.4540171997472345
CHEMBL1214771,6.27,0.32984989009708554,-1.590867042178106,-1.756381709091999,-0.7786684767141205,-0.6332532712906558,-0.5582094603023294,-1.0316187646017883,-0.33236789143243123
CHEMBL1214842,5.94,1.074346990608084,-1.7275801591284508,-1.9520369242842843,-0.9070302819347198,-0.8382652384593975,-0.5666593226950487,-0.7410234188314668,-0.08425695348464131
CHEMBL1214843,5.87,-1.2374283782748512,-0.6557707130181822,-1.3464568565905217,-1.3691080173183394,0.39420182783072766,-0.3940747104624,0.04573140236293488,-0.23487869513241127
CHEMBL1214844,5.1,2.0695672477838674,-0.16659184023746612,-1.616253832207191,0.11497463386828385,-0.2074757130876342,-1.1697501424100163,-0.45453874043832376,-0.3109977988889351
CHEMBL1214907,5.65,-1.4758774112337467,-0.7218028861484891,-1.3344274690292006,-1.2879876137153945,0.42690139866406884,-0.4031281004889356,-0.21156153008441503,-0.2468765291978277
CHEMBL1214909,5.74,1.0743469906080843,-1.7275801591284505,-1.9520369242842843,-0.9070302819347198,-0.8382652384593975,-0.5666593226950486,-0.7410234188314665,-0.08425695348464142
CHEMBL1215759,6.67,-1.475877411233747,-0.7218028861484889,-1.3344274690292006,-1.2879876137153943,0.42690139866406895,-0.4031281004889356,-0.21156153008441525,-0.2468765291978275
CHEMBL1215760,5.75,0.32984989009708554,-1.590867042178106,-1.756381709091999,-0.7786684767141208,-0.6332532712906557,-0.5582094603023293,-1.031618764601788,-0.33236789143243145
CHEMBL1215761,5.77,0.9729615748459861,0.4671130582006313,-1.7169875035187416,1.140431241286852,-0.35682246230760684,0.026796779363827496,-0.5820667090353332,-0.36683486685533506
CHEMBL1215763,6.13,1.3250701472728685,-0.029878723287121798,-1.420598617014906,0.24333643908888306,-0.0024637459188924407,-1.1613002800172967,-0.7451340862086455,-0.559108736836725
CHEMBL1288490,5.46,-3.657054061680211,1.8686823414291,0.4208742878348437,-0.2731529001904057,-0.08945533005118139,0.44755249158337185,0.4057238710934046,0.3664187501943683
CHEMBL1289072,5.53,-0.921289102058227,0.548439104501238,0.16855694323215892,-1.1312235606459553,-0.415936595255288,-0.7176385182950122,0.1343304310679454,-0.5125907381282755
CHEMBL1289073,5.55,0.062430613903489945,1.8259303805800475,0.6837845213624135,-1.5296755418807468,-0.6741849962195392,-0.7738075824820928,0.11736197922290084,-0.2997218064224332
CHEMBL1289190,5.82,1.0365876689872706,4.370003408894381,1.4632480860839836,-0.8844153786504074,-0.11884972168174068,-1.1743891936464876,0.3520222113538346,-0.9227743935506967
CHEMBL1289191,5.28,0.20475881065130738,0.7606550586463616,0.015042496563866596,-1.6814442095965303,-0.2143576670174452,-0.4985778360172256,1.231982780847881,-1.252111230653461
CHEMBL1289302,5.59,-0.11171199312580657,0.6679008798555616,0.05747379376939317,-1.508078514265407,-0.36305382532586083,-0.5929498160541786,0.9759969542574569,-0.9495341010467421
CHEMBL1289303,5.46,0.12673703983308943,0.7339330529858682,0.0454444062080721,-1.589198917868352,-0.39575339615920213,-0.5838964260276431,1.2332898867048068,-0.9375362669813259
CHEMBL1289420,5.25,1.6940153082050267,-0.20116327617405586,-0.3644804462934052,-0.9987593772641336,-1.423208495280586,-0.7480311758675725,0.1559397197400845,-1.0350254632813467
CHEMBL1289421,5.64,0.5679673954954916,-0.41337923031917917,-0.21096599962511284,-0.44853872831355757,-1.624787423518428,-0.9670918581453593,-0.9417126300398523,-0.29550497075615995
CHEMBL1289533,6.04,-1.3466947757478438,1.268005161009461,-0.06174440410297371,-0.16399658199436293,-0.7861517454261838,0.5112291334214331,0.23058497602010575,-0.40104805131740934
CHEMBL1289534,5.9,-0.36297505978612726,2.54549643708827,0.4534831740272811,-0.5624485632291548,-1.0444001463904353,0.45506006923435216,0.2136165241750611,-0.18817911961156716
CHEMBL1289642,5.89,0.6111819952976542,5.089569465402603,1.2329467387488504,0.08281160000118486,-0.4890648718526366,0.05447845806995754,0.4482767563059956,-0.8112317067398306
CHEMBL1289643,5.54,-0.2206468630383097,1.4802211151545843,-0.21525885077126586,-0.7142172309449383,-0.584572817188341,0.7302898156992196,1.3282373258000415,-1.1405685438425954
CHEMBL1289747,5.65,0.5824248050997388,1.5448782487449602,-0.2711534823331299,-1.3250897094957974,1.4486118397196772,2.166153219654916,0.15232005186110673,-1.1524067323237444
CHEMBL1289748,5.96,0.14256172180587456,0.30618682618904325,-0.4412673469602454,0.5186882503380346,-1.9950025736893242,0.2617757935710858,-0.8454580850876919,-0.18396228394529376
CHEMBL1289854,5.53,-0.44099683060434525,2.5187744314277776,0.4838850836714867,-0.4702032715009763,-1.225795875532192,0.3697414792239347,0.2149236300319871,0.1263958440605684
CHEMBL1289855,5.75,0.5331602244794355,5.06284745974211,1.2633486483930563,0.17505689172936345,-0.6704606009943933,-0.030840131940460046,0.4495838621629208,-0.4966567430676949
CHEMBL1289972,5.36,-0.2986686338565277,1.4534991094940912,-0.1848569411270606,-0.6219719392167598,-0.7659685463300978,0.644971225688802,1.3295444316569673,-0.82599358017046
CHEMBL1289973,6.05,0.4126358855177218,1.7194539767586963,0.2646050742488448,0.24956489022654305,-2.059573492298313,0.20785781960017646,-1.1412730530834723,-0.20658735172122294
CHEMBL1290067,6.13,1.386792940601503,4.263527005073029,1.0440686389704146,0.894825053456883,-1.504238217760515,-0.19272379156421823,-0.9066128209525381,-0.8296399388494858
CHEMBL1290068,5.49,0.5549640822655401,0.6541786548250099,-0.4041369505497024,0.0977962225107595,-1.5997461630962195,0.4830875660650437,-0.0266522514584912,-1.1589767759522518
CHEMBL1290174,5.31,0.9803697559551566,-0.06538740168321244,-0.17383560321456973,-0.8694307561408329,-1.2295310129253236,-0.7457800856514013,-0.12290679641065187,-1.2705194627631176
CHEMBL1290622,6.49,-3.5790322908619934,1.8954043470895934,0.39047237819063835,-0.365398191918584,0.09194039909057539,0.5328710815937894,0.40441676523647835,0.051843786522232926
CHEMBL1290741,5.49,-2.0897757933082746,0.9335860122691765,0.010949435333366493,0.3172866404138136,-1.1169104291725651,0.28341774174344225,-0.6716262958713187,0.2689295538943483
CHEMBL1290742,6.15,-2.8034213455581445,1.0693618867600194,0.2015942784122021,0.44661526153711406,-0.9232329468173025,0.28566883195961346,-0.9504728120220556,0.03343555441257732
CHEMBL1516187,6.85,-4.260155209760657,0.10411288433349244,-2.606442690765655,0.39664855974501134,-0.2566489865280358,-0.13909436822636742,-0.5690879260101116,0.4739576379174677
CHEMBL1672355,5.12,-3.674306028066497,2.929099567075716,-1.4688173720032343,-0.1124571216797243,-0.592044182437825,0.3555013108145849,-0.8813240682473831,0.02356413534469893
CHEMBL1672356,5.8,-2.9097666619263687,1.6498002854865523,-2.164931765810893,-0.6271814205766253,1.1528580037803742,1.2026441902793215,-0.8667211259684799,-0.2150647351348782
CHEMBL1672357,5.65,-2.8059498971302244,1.5812136808612374,-2.239948655313944,-0.45671171358272655,-0.22742882549653412,0.31410971850437003,0.4290615968676863,-0.5226088445267919
CHEMBL1672358,5.71,-2.312843591974917,1.6079212774247609,-2.308600507571183,-0.6602009718710545,-0.32324221387552265,0.3444264407082506,1.0147422934667736,-0.6569750778385396
CHEMBL1672359,5.66,-2.652074880153107,3.209902125846154,-1.5473149291684758,-0.8331474776241986,0.9898215750769261,1.4630964648673228,-1.0794544413036133,-0.4084122477885737
CHEMBL1672360,6.04,-2.5482581153569623,3.1413155212208386,-1.6223318186715268,-0.6626777706303,-0.39046525419998235,0.5745619930923717,0.21632828153255346,-0.7159563571804877
CHEMBL1672361,6.22,-2.055151810201655,3.1680231177843625,-1.690983670928766,-0.8661670289186283,-0.48627864257897113,0.6048787152962523,0.8020089781316414,-0.8503225904922357
CHEMBL1672362,4.78,-3.2418554610504646,0.12873721814996025,-2.005443469225947,-1.041558295946098,-0.047825350944109876,-1.2029211102818056,-0.631488329935752,0.2574442468166538
CHEMBL1672363,5.02,-2.2196243131370745,0.4095397769203984,-2.083941026391189,-1.7622486518905722,1.534040406570641,-0.09532595622906784,-0.8296187029919817,-0.1745321363166191
CHEMBL1672364,5.35,-2.1158075483409307,0.3409531722950832,-2.15895791589424,-1.5917789448966735,0.15375357729373273,-0.9838604280040191,0.46616401984418443,-0.4820762457085327
CHEMBL1672365,5.61,-1.6227012431856227,0.36766076885860677,-2.227609768151479,-1.7952682031850018,0.057940188914744166,-0.9535437058001386,1.0518447164432723,-0.6164424790202804
CHEMBL1672368,4.46,-1.858115766567669,1.901055012654685,-1.5413410792518227,-1.7977450019442467,-0.009282851409715524,-0.7234081534160174,0.2534307045090517,-0.6754237583622283
CHEMBL1672369,4.67,-1.3650094614123611,1.9277626092182085,-1.6099929315090624,-2.0012342602325752,-0.10509623978870436,-0.693091431212137,0.8391114011081399,-0.8097899916739765
CHEMBL1672370,5.61,-2.2835214402572848,2.6206210691629073,-1.7716424265869557,-0.8305180232926548,-0.37949800158061164,0.5054594983004275,0.3496852494612128,-0.5638810715513626
CHEMBL1672371,5.78,-1.7904151351019788,2.6473286657264308,-1.8402942788441952,-1.0340072815809829,-0.4753113899596001,0.5357762205043081,0.9353659460603,-0.6982473048631105
CHEMBL1672372,5.58,0.1255149975191064,1.5840391511779917,-2.5098196555525325,-0.3445396079753135,-1.7895793121632593,0.2640512847801282,-0.39806072919803165,0.4729860310212004
CHEMBL1672374,6.71,-0.08754021100005369,0.33106230507269896,-3.1230756583765333,-0.08164207437673988,-1.62977715404101,0.035137267721741604,-0.2585547217255404,0.9989732085868452
CHEMBL1672377,5.54,-2.0711709750868277,0.6480781665493917,-2.1545970820758247,-1.5348474683456739,0.15051930671253333,-0.9523221704744043,0.39293671198154384,-0.14943658079658378
CHEMBL1927860,6.89,-0.9888157961468367,-2.393544175699408,0.9257113045656541,0.022470520968139455,-0.8542470257407072,-0.4899735297815419,-0.11097994769663154,0.40021246013979
CHEMBL1927861,7.72,0.0334153517665539,-2.1127416169289694,0.8472137474004123,-0.6982198349763351,0.7276187317740439,0.6176216242711959,-0.30911032075286166,-0.03176392299348239
CHEMBL1927866,7.32,1.7010267610288559,-3.10988152727525,0.3141260248369402,0.12408759438497069,-1.8553303778628,-0.5114812169486498,-0.08204606948904973,0.16631652358397442
CHEMBL1927867,8.1,2.723257908942246,-2.829078968504812,0.23562846767169848,-0.5966027615595031,-0.27346462034804897,0.596113937104088,-0.28017644254528057,-0.26565985954929816
CHEMBL1927868,6.54,-0.5313107540852928,-2.482482341195118,0.7663428071305517,-0.07731401553925055,-0.9772382333460411,-0.4898392687762936,0.09178571972732354,0.6192083614236163
CHEMBL1927869,7.4,0.49092039382809777,-2.2016797824246797,0.6878452499653102,-0.7980043714837247,0.6046275241687099,0.6177558852764443,-0.1063446533289066,0.18723197829034385
CHEMBL1927870,6.61,-0.07380571202374946,-2.5714205066908282,0.6069743096954496,-0.17709855204663988,-1.1002294409513749,-0.4897050077710453,0.2945513871512778,0.8382042627074429
CHEMBL1927871,7.39,0.9484254358896411,-2.29061794792039,0.5284767525302079,-0.8977889079911143,0.48163631656337613,0.6178901462816927,0.09642101409504802,0.40622787957417017
CHEMBL1927872,6.84,-0.13109184167351376,-2.5278128197062517,0.6332755856974657,-0.15123803185350082,-1.0729443753856418,-0.4906909042805111,0.2270559910520379,0.8993787380951072
CHEMBL1927873,7.68,0.891139306239877,-2.247010260935814,0.5547780285322239,-0.8719283877979749,0.5089213821291093,0.6169042497722269,0.028925617995807992,0.46740235496183447
CHEMBL1927874,6.27,-0.39432920304272456,-2.427759069472806,0.7940183429716046,-0.053217341481289204,-0.9872019629698694,-0.49330233301973464,0.02879786272659069,0.7724043587300549
CHEMBL1927876,6.77,0.6232626485014218,-3.4076520428001316,2.2181625717938673,0.39557751603557656,-1.2398730664216173,-0.05397275856592419,0.44416242858238175,0.8457136867237265
CHEMBL1927877,8.4,1.6454937964148115,-3.1268494840296936,2.1396650146286254,-0.3251128399088973,0.3419926910931339,1.0536223954868136,0.24603205552615096,0.4137373035904539
CHEMBL1927878,8.15,2.212142334985551,-2.9694802478900315,0.2748772462543194,-0.23625758358726617,-1.0643974991054246,0.0423163600777191,-0.1811112560171654,-0.04967166798266195
CHEMBL1927879,8.31,3.2343734828989414,-2.688677689119593,0.19637968908907757,-0.9569479395317403,0.5174682584093268,1.149911514130457,-0.37924162907339526,-0.4816480511159346
CHEMBL1927880,8.12,2.264050717383622,-3.003773550202688,0.23736880150279424,-0.15102273009031653,-1.7545409137438783,-0.40195087580975647,0.4667801054009172,-0.20344372267861907
CHEMBL1927881,8.41,3.2862818652970125,-2.7229709914322497,0.15887124433755243,-0.8717130860347908,-0.1726751562291273,0.7056442782429815,0.268649732344687,-0.6354201058118913
CHEMBL1927882,7.89,2.0280458532236274,-3.1944075522588427,0.2568933903735042,0.07246508051546968,-1.957086393732665,-0.517025954493204,0.06128462988116402,0.13858504789353648
CHEMBL1927883,8.21,3.0502770011370175,-2.913604993488404,0.17839583320826263,-0.6482252754290044,-0.37522063621791385,0.5905691995595339,-0.13684574317506618,-0.293391335239736
CHEMBL2079586,7.36,-3.1419826749798028,0.212949021075474,2.415470277692035,-0.5504709961467462,0.9000944217912624,0.0695664325263828,-0.7263578923182307,0.1458800014504
CHEMBL2112508,7.24,0.9968402598166615,0.953027746539283,2.3022773981993776,-1.1894088069152613,0.4556314172291593,0.546607837916319,-0.8627116590822053,-0.04312307073080537
CHEMBL2112509,7.12,1.454345301878205,0.8640895810435725,2.1429089007642754,-1.289193343422651,0.3326402096238253,0.5467420989215673,-0.6599459916582504,0.17587283055302091
CHEMBL2112510,6.82,1.796045064120985,0.7636000280375894,2.077037240594374,-1.348580139120688,0.22252792652121373,0.5417133643732349,-0.4977382988126479,0.12624282798769845
CHEMBL2112511,6.92,3.6866828169923545,0.23669039496343985,1.6906921184706636,-1.0877917334984302,-0.5454519348929336,0.5251001507492109,-0.833777780874623,-0.2770190072866214
CHEMBL2112512,6.83,2.2224655300018923,0.7035243770432333,1.9339702886916488,-1.4345420754376343,0.11628724071919691,0.5418579816215952,-0.3307141332781272,0.38272653345135466
CHEMBL2112513,6.97,3.2903349082574898,0.27396420061290944,1.8200524353172556,-1.01248823498221,-0.45443867276880656,0.5238017940261871,-0.9706087422969136,-0.5605619075264336
CHEMBL2112514,6.77,4.0744195682410425,0.2175999481952005,1.569954220000611,-1.1538665040411062,-0.6298797575103114,0.5241260456685581,-0.7155709553854682,0.0352276380327439
CHEMBL2112515,7.09,1.8495089562298193,2.8507632589545753,2.9586605656471563,-1.6438236196125013,0.4845147046357477,0.6391968486469976,-0.7264632092803431,-0.09739293227414524
CHEMBL2112516,6.76,2.8649292345678723,0.9935302571211323,1.589751087982123,-0.04526125633061713,-0.8246538229397025,1.7526694457426322,-0.874354197344754,-0.4490192207155675
CHEMBL2113648,7.77,-1.3826615923349324,0.006932587874464448,1.9632567435520327,-0.8887720849441084,-0.21089851263527054,-0.35735788602433316,0.994066126148439,0.36771443176472113
CHEMBL2113649,7.38,0.08477045013051207,-0.458295661400958,1.7200212395218555,-0.546484101980075,-0.8717386099921207,-0.3719967393997248,0.5006006280543291,-0.29697327239183063
CHEMBL2113650,7.54,-0.5836327718201694,0.30367456700318,1.8669749313471762,-1.3873702200251827,0.09243643147243708,-0.13275246620199213,1.9483877765581614,-0.3440745850700276
CHEMBL2308105,8.07,3.282679892825411,-2.879512497213243,-0.0044089109431645285,-0.7286244930431437,-0.3974118021966209,0.6014215077684486,-0.05502583439453192,0.2546687818263977
CHEMBL2402543,5.42,-2.8035511148820476,-0.13494838614493906,-0.6475862699927167,0.19878449397801887,-0.320272028084804,0.5441735366760915,0.09394784558987082,-0.26285614054888995
CHEMBL2402544,5.42,-2.24052715852728,-0.028840409072377414,-0.724343493326863,-0.07632583049726893,-0.2194825639658828,0.6537038778149845,0.6427740204798392,-0.632616386811483
CHEMBL2402545,5.89,-2.8035511148820476,-0.13494838614493912,-0.6475862699927167,0.19878449397801898,-0.32027202808480393,0.5441735366760914,0.09394784558987038,-0.2628561405488899
CHEMBL2402546,5.52,-2.24052715852728,-0.028840409072377414,-0.724343493326863,-0.07632583049726893,-0.2194825639658828,0.6537038778149845,0.6427740204798392,-0.632616386811483
CHEMBL2402547,5.43,-1.6775032021725131,0.07726756800018435,-0.801100716661009,-0.3514361549725565,-0.11869309984696141,0.763234218953878,1.1916001953698065,-1.0023766330740762
CHEMBL2402548,5.76,-3.504193353901965,-1.0667303967982849,-0.26377047598929165,-0.21822183572299808,-0.1516358061517508,-0.9037547973181405,-1.0999590491422264,0.3651216651654302
CHEMBL2402549,5.41,-2.9411693975471978,-0.9606224197257233,-0.3405276993234379,-0.49333216019828574,-0.05084634203282955,-0.7942244561792473,-0.5511328742522579,-0.00463858109716294
CHEMBL2402550,5.92,-2.37814544119243,-0.8545144426531619,-0.41728492265758427,-0.7684424846735735,0.04994312208609168,-0.6846941150403538,-0.002306699362289569,-0.3743988273597561
CHEMBL2402551,5.85,-2.9411693975471978,-0.9606224197257233,-0.3405276993234379,-0.49333216019828574,-0.05084634203282955,-0.7942244561792473,-0.5511328742522579,-0.00463858109716294
CHEMBL2402552,5.69,-2.37814544119243,-0.8545144426531619,-0.41728492265758427,-0.7684424846735735,0.04994312208609168,-0.6846941150403538,-0.002306699362289569,-0.3743988273597561
CHEMBL2402553,6.01,-1.8151214848376631,-0.7484064655806001,-0.49404214599173046,-1.0435528091488613,0.15073258620501317,-0.5751637739014606,0.5465194755276785,-0.7441590736223491
CHEMBL2402554,6.21,-2.37814544119243,-0.8545144426531619,-0.41728492265758427,-0.7684424846735735,0.04994312208609168,-0.6846941150403538,-0.002306699362289569,-0.3743988273597561
CHEMBL2402555,5.64,-1.815121484837663,-0.7484064655806001,-0.49404214599173046,-1.0435528091488613,0.15073258620501306,-0.5751637739014606,0.5465194755276787,-0.7441590736223491
CHEMBL2402556,6.36,-1.252097528482896,-0.642298488508038,-0.5707993693258766,-1.318663133624149,0.2515220503239345,-0.46563343276256713,1.0953456504176462,-1.113919319884942
CHEMBL2402557,5.31,-3.9295990275915824,-0.34716434029006205,-0.4940718233244242,0.7490051429285944,-0.5218509563226464,0.3251128543983045,-1.003704504190066,0.47666435197629636
CHEMBL2402558,5.44,-3.3665750712368148,-0.24105636321750057,-0.5708290466585706,0.4738948184533067,-0.42106149220372524,0.43464319553719793,-0.4548783293000978,0.1069041057137033
CHEMBL2402559,5.55,-2.8035511148820476,-0.13494838614493912,-0.6475862699927167,0.19878449397801898,-0.32027202808480393,0.5441735366760914,0.09394784558987038,-0.2628561405488899
CHEMBL2402560,5.5,-3.3665750712368148,-0.24105636321750057,-0.5708290466585706,0.4738948184533067,-0.42106149220372524,0.43464319553719793,-0.4548783293000978,0.1069041057137033
CHEMBL3084695,7.66,-1.6119166709686168,-1.4083322903802187,0.8259440562753583,0.8542765991894419,-0.9084371196223803,0.8551461011722422,0.21820688057324628,-0.07259484974065629
CHEMBL3084696,7.2,-1.0488927146138491,-1.3022243133076574,0.749186832941212,0.5791662747141539,-0.8076476555034592,0.9646764423111358,0.7670330554632147,-0.44235509600324957
CHEMBL3084697,6.41,-0.48586875825908193,-1.1961163362350953,0.6724296096070659,0.3040559502388661,-0.7068581913845378,1.0742067834500288,1.3158592303531826,-0.8121153422658425
CHEMBL3084698,7.8,-1.0488927146138496,-1.3022243133076572,0.7491868329412121,0.5791662747141542,-0.8076476555034591,0.9646764423111356,0.7670330554632141,-0.44235509600324924
CHEMBL3084699,5.86,-0.24582104647580044,-1.2375671797172816,0.6932922013793478,-0.03170620383670538,1.2255370014045588,2.400539846266832,-0.40888421847572004,-0.4541932844843988
CHEMBL3084700,6.14,-1.0488927146138496,-1.3022243133076572,0.7491868329412121,0.5791662747141542,-0.8076476555034591,0.9646764423111356,0.7670330554632141,-0.44235509600324924
CHEMBL3084701,6.76,-1.6119166709686168,-1.4083322903802187,0.8259440562753583,0.8542765991894419,-0.9084371196223803,0.8551461011722422,0.21820688057324628,-0.07259484974065629
CHEMBL3084702,5.53,0.07715519809568502,-1.0900083591625338,0.5956723862729197,0.02894562576357866,-0.6060687272656163,1.1837371245889223,1.8646854052431503,-1.1818755885284356
CHEMBL3084703,6.93,-2.174940627323384,-1.5144402674527808,0.9027012796095043,1.1293869236647296,-1.0092265837413017,0.745615760033349,-0.3306192943167221,0.29716539652193674
CHEMBL3084869,7.3,-1.2210250736787522,-2.1066096472629594,1.0859000407084272,-0.20425254493028283,0.14314890899614174,0.0698372009793439,-0.5086326864110626,-0.04568553793816834
CHEMBL3084870,7.67,-1.1691166912806805,-2.1409029495756173,1.048391595956902,-0.11901769143333342,-0.5469945056423124,-0.3744300349081317,0.13925867500702016,-0.19945759263412513
CHEMBL3084878,6.51,-1.405121555440676,-2.331536951631771,1.067916184827612,0.10447011917245302,-0.7495399856310987,-0.4895051135915793,-0.26623680051273374,0.14257117793803037
CHEMBL3084884,7.76,-0.6060927349259133,-2.034794972503055,0.9716343726227558,-0.3941280159086212,-0.4462050415233912,-0.2648996937692384,0.6880848498969885,-0.5692178388967184
CHEMBL3084891,5.74,-1.0890289628865477,-0.1890308262694408,1.1645430248643054,2.075192351042927,-0.3713531607781846,0.10104586361913176,0.03998455568350674,0.13583567820556466
CHEMBL3084901,6.73,0.19697893321213542,-1.9701378389126798,0.9157397410608916,-1.0050004944594804,1.586979615384627,1.1709637101864578,-0.48783242404194654,-0.5810560273778669
CHEMBL3084907,7.16,-1.2210250736787525,-2.1066096472629594,1.0859000407084272,-0.20425254493028283,0.14314890899614185,0.06983720097934393,-0.5086326864110627,-0.045685537938168395
CHEMBL3084909,7.32,-0.7099094997220574,-1.9662083678777402,1.0466512621258066,-0.5645977229025201,0.9340817877535174,0.623634778005713,-0.6076978729391778,-0.26167372950480466
CHEMBL3084910,6.64,-1.1691166912806803,-2.1409029495756173,1.0483915959569017,-0.11901769143333353,-0.5469945056423126,-0.3744300349081317,0.13925867500702038,-0.19945759263412535
CHEMBL3084929,7.53,3.9257915775743104,-0.8215323968345056,0.03498529463009293,1.1904752249578283,-0.12098099321357121,1.1864277474346054,0.39452622117192265,0.22020180640349407
CHEMBL3084930,6.55,6.220094552729691,0.42041313341769543,0.2244776709137135,1.4928258459902404,1.7882238964697763,-0.6739422014937375,2.3148759218973747,-1.3609953860021053
CHEMBL3084931,6.21,4.742107344672138,-1.1567775367162296,0.4286886764331032,0.04883524299938451,0.4779134994329591,-0.2056539858236117,0.524944760424681,-0.00862023892616872
CHEMBL3084932,6.8,6.677599594791235,0.331474967921986,0.06510917347861177,1.393041309482851,1.665232688864443,-0.6738079404884891,2.517641589321329,-1.1419994847182782
CHEMBL3084933,6.38,5.199612386733681,-1.2457157022119396,0.26932017899800115,-0.050949293508005325,0.35492229182762564,-0.2055197248183632,0.7277104278486355,0.21037566235765756
CHEMBL3084934,7.7,5.240556663870908,0.942051807179899,1.2902822319086598,-0.481816311047596,-0.10032492862307332,0.14467083241697365,0.16266594589135738,-0.15551487359602392
CHEMBL3085018,7.19,4.095350496847436,-1.5301087111852445,-0.8973395257455965,3.676965763354228,0.12320070928332075,1.956045591439236,0.2805304522814938,-0.8356990441035069
CHEMBL3085019,6.18,-0.7374776104640216,-1.64068068765054,0.35998614252213756,1.5702303410934964,1.5016021870799774,1.2027902905319041,-0.03760391449820673,-0.022175970388492706
CHEMBL3085020,8.21,3.8092854123823896,0.028096359933959394,0.5835838921401094,0.8384123042956279,-0.09777733430632957,1.3564682000609267,0.16718311302377792,-0.16352533827780547
CHEMBL3085021,8.25,0.3520092520067813,0.1462944380872865,0.9095503065955511,1.2769026734940063,1.1556944243958178,1.2165691425457323,-0.08258370390633436,0.35704429814152255
CHEMBL3085022,7.54,4.1229186075894,-1.8556363914124445,-0.21067440614192787,1.5421376993582119,-0.44431969004313926,1.3768900789130443,-0.2895635061594769,-1.0751968032198187
CHEMBL3085023,7.9,0.3244411412648176,0.4718221183144869,0.22288518699188217,3.4117307374900223,1.7232148237222777,1.795724655071924,0.4875102545346371,0.5965420572578345
CHEMBL3085024,7.42,-0.6336608456678773,-1.7092672922758554,0.2849692530190869,1.740700048087395,0.12131535780306894,0.31425581875695296,1.2581788083379595,-0.3297200797804062
CHEMBL3085025,7.44,-1.1966848020226446,-1.8153752693484164,0.3617264763532332,2.0158103725626826,0.020525893684147707,0.20472547761805965,0.7093526334479918,0.04004016648218676
CHEMBL3085027,8.07,-1.1628832841536392,-0.9211146311423176,0.12968479518700513,2.537457319745089,1.1313870369090817,2.4316579422483495,0.058650630453953495,0.08936671642237337
CHEMBL3085028,7.57,0.12024634400930206,-1.7749493316573846,0.06755042365394934,1.3965217882718561,1.282904837435043,1.202072916032935,0.3004320242504633,0.47699030756682453
CHEMBL3085029,7.67,0.6350375157206101,-1.9074951841376713,-0.11811934978316921,1.2708767315713272,1.1326285642639757,1.203193073547649,0.5706930877736583,0.6348117334629865
CHEMBL3085030,7.93,3.255111782083447,-2.553984816986043,-0.6910740305468335,1.4062035709528724,0.17010859712983947,1.18057702029464,0.5150681240464391,0.4941665409427099
CHEMBL3085031,8.34,3.781717301640425,0.35362404016115956,-0.10308122746355952,2.9732403682916444,0.4697430650201306,1.9356237125871176,0.7372770714647491,0.07597242083850646
CHEMBL3085032,8.27,0.4923870670416571,-1.4970513381307318,0.13145480635079448,1.1904793991368199,0.32289428604091164,0.5333165010347396,2.355831158117896,-1.0692405723055922
CHEMBL3085033,6.91,-0.3120719367744044,-2.3602467441587627,0.5902874898572703,0.6030033624419039,1.8718173372508733,-0.02607736118454089,-0.13385845945036698,-0.13371865719935871
CHEMBL3085532,6.5,-3.653098248936498,0.07254774169025484,2.454719056274656,-0.1901258181745092,0.1091615430338866,-0.4842311444999863,-0.6272927057901159,0.3618681930170362
CHEMBL3093268,9.89,-2.495480063225433,-1.3758480729352018,-0.8126169821483412,0.6653096356227877,0.8655413104062771,-1.44914380653081,-0.04217447935927142,0.10740258538661525
CHEMBL3093269,8.22,-2.495480063225433,-1.375848072935202,-0.8126169821483413,0.6653096356227874,0.8655413104062771,-1.44914380653081,-0.042174479359271086,0.10740258538661486
CHEMBL3093270,6.32,-2.0379750211638896,-1.4647862384309123,-0.9719854795834434,0.5655250991153981,0.742550102800943,-1.4490095455255618,0.16059118806468337,0.3263984866704415
CHEMBL3126716,5.8,-2.250109435301348,0.8886137724253599,-2.709489475047971,-0.3167534502656747,-0.7902483945122067,0.05788758197999918,-0.00016409057436749414,1.3586143023909472
CHEMBL3126717,6.74,0.9346909369133372,0.6118648638431372,-3.2015732155417758,-0.8023324303212143,-0.047911396526259045,1.1427324217744794,-0.4566850947817703,0.5669968254535726
CHEMBL3126718,6.19,1.038507701709481,0.5432782592178221,-3.2765901050448263,-0.6318627233273153,-1.4281982258031676,0.2541979499995282,0.8390976280543956,0.2594527160616588
CHEMBL3126719,5.9,1.5316140068647877,0.5699858557813458,-3.3452419573020653,-0.8353519816156437,-1.524011614182156,0.2845146722034089,1.424778324653483,0.12508648274991066
CHEMBL3126720,6.62,1.486977433610686,0.26286086152703686,-3.349602791120481,-0.8922834581666438,-1.5207773436009568,0.252976414673794,1.4980056325161248,-0.2075531821620387
CHEMBL3126721,5.94,0.32532825780738883,-0.06500085467732021,-3.2868049896300517,-0.2383580874351296,-1.749534091065145,0.003733271197374954,0.017438253561056615,0.8853294449587225
CHEMBL3126722,6.39,1.944482475672229,0.17392269603132676,-3.5089712885555833,-0.9920679946740333,-1.6437685512062905,0.2531106756790426,1.7007712999400797,0.011442719121787395
CHEMBL3126723,4.9,-3.020267843676953,2.760047517108531,-1.5832826409301064,-0.21570214941872698,-0.7955562141775553,0.3444118357254764,-0.5946626695069542,-0.03189881603617629
CHEMBL3126724,4.45,0.1839331336286682,3.4828457425467136,-1.8876355284635469,-2.4346433766825935,3.8774829878538966,3.6653494832815507,-1.0378539165653808,-1.4791532266679719
CHEMBL3126725,5.23,-2.652074880153107,3.209902125846154,-1.5473149291684758,-0.8331474776241986,0.9898215750769261,1.4630964648673228,-1.0794544413036133,-0.4084122477885737
CHEMBL3126726,6.05,-2.5482581153569623,3.1413155212208386,-1.6223318186715268,-0.6626777706303,-0.39046525419998235,0.5745619930923717,0.21632828153255346,-0.7159563571804877
CHEMBL3126727,6.26,-2.864728919134077,3.0485613424300393,-1.5799005214660002,-0.4893120752991764,-0.5391614125083979,0.4801900130554186,-0.03965754505787105,-0.4133792275737684
CHEMBL3126728,4.88,-3.40956935296682,2.408405115017784,-1.6181279799186632,-0.2802973743420791,-0.5810769298184542,0.28639881602264095,-0.7479671003187242,0.17563942097382396
CHEMBL3126729,5.89,1.7446692153839476,1.8229627018866386,-2.7319859544780645,-1.0982495152142173,-1.6838137723044053,0.5134286892617955,1.2852723171809923,-0.40090069481573454
CHEMBL3126730,6.53,-3.134107297051122,0.31632883847861565,-2.7599571374339478,-0.1535720892055639,-0.05507005829019324,0.07996631405141912,0.5285644237698245,-0.2655628546077186
CHEMBL3126731,6.32,-2.641000991895815,0.3430364350421394,-2.8286089896911872,-0.35706134749389223,-0.15088344666918174,0.11028303625529971,1.114245120368912,-0.3999290879194665
CHEMBL3126732,6.36,-2.268237898610984,-1.4187814385478343,-1.5565495521568686,0.5616732113715056,-0.6438643836736666,0.23303329559187025,0.15941459876791264,1.340475337777101
CHEMBL3126733,6.51,-2.5078012170746105,-0.6714880679342414,-3.3271063116903883,-0.11078739321810105,-0.6272119658087583,-0.20256469260800228,0.21256922476076512,1.5519618150446433
CHEMBL3126734,6.53,-0.34523199277331534,-1.2290395352869028,-3.740692495018951,0.12432398267083367,-1.466740725337562,-0.2253150068662599,-0.0458214063904076,1.1923207212405407
CHEMBL3126735,6.94,0.6769991551400752,-0.9482369765164644,-3.819190052184193,-0.5963663732736403,0.11512503217718938,0.882280147186478,-0.24395177944663796,0.7603443381072684
CHEMBL3126736,6.21,1.2739222250915259,-0.9901159845782558,-3.9628587939444824,-0.6293859245680697,-1.3609751854787073,0.02406239761540733,1.6375116399886156,0.31843399540360673
CHEMBL3126737,5.96,-4.002463427987395,1.6642147246930943,-1.9888258541232384,0.19068250269743803,-0.41968541523148417,0.12135790636163396,-0.781821241345244,0.2806101252637718
CHEMBL3126738,6.23,-1.1330968327521524,0.9093504943754088,-2.7766481103568164,-1.027610297548189,-0.5582573764668195,0.2755924679268032,1.5536305962433428,-0.06690798964176198
CHEMBL3126739,4.87,-2.055182690091823,-0.16580459244254114,-0.9432935493328676,0.298775677772932,-0.8036665417959159,0.46194731265025696,0.019908591295422117,0.8144881602114562
CHEMBL3126740,5.17,-1.032951542178433,0.11499796632789694,-1.0217911064981096,-0.4219146781715421,0.7781992157188352,1.569542466702995,-0.17822178176080825,0.38251177707818346
CHEMBL3126741,6.01,-0.4360284722269816,0.07311895826610551,-1.1654598482583993,-0.45493422946597173,-0.6979010019370618,0.7113247171319242,1.7032416376744457,-0.05939856562547814
CHEMBL3126742,4.63,-2.2947460085554505,0.5814887781710515,-2.713850308866387,-0.3736849268166743,-0.7870141239310072,0.026349324450384258,0.07306321728827332,1.0259746374789989
CHEMBL3126743,5.19,-1.27251486064206,0.8622913369414898,-2.7923478660316285,-1.0943752827611488,0.7948516335837437,1.133944478503122,-0.12506715576795632,0.5939982543457262
CHEMBL3126744,6.14,-0.6755917906906087,0.8204123288796983,-2.9360166077919185,-1.1273948340555784,-0.6812485840721534,0.27572672893205147,1.7563962636672974,0.15208791164206456
CHEMBL3126745,5.7,-0.13217678425415502,0.023937310818390112,-3.12743649219495,-0.13857355092773982,-1.6265428834598108,0.003599010192126683,-0.18532741386289858,0.666333543674896
CHEMBL3126746,6.36,0.8900543636592351,0.3047398695888285,-3.2059340493601916,-0.859263906872214,-0.04467712594505975,1.1111941642448644,-0.383457786919129,0.2343571605416233
CHEMBL3126747,6.65,0.9938711284553795,0.23615326496351338,-3.280950938863242,-0.6887941998783154,-1.4249639552219686,0.22265969246991335,0.9123249359170374,-0.07318694885029049
CHEMBL3126748,4.91,-3.9319978098397588,1.3689977267161137,-2.086434208645651,0.09350893536784897,-0.4290077537343767,0.09504903622658342,-0.6685907529122499,0.21691164799839444
CHEMBL3126749,6.56,-2.8059498971302244,1.5812136808612374,-2.2399486553139436,-0.45671171358272644,-0.22742882549653406,0.31410971850437003,0.42906159686768613,-0.5226088445267916
CHEMBL3126750,4.71,-3.667261134740081,0.8483032746581826,-2.23574481656108,-0.07433131729450561,-0.4180405011150058,0.025946541434639446,-0.535233784983591,0.36898693362751944
CHEMBL3126751,5.38,-2.5412132220305472,1.060519228803306,-2.389259263229373,-0.624551966245081,-0.2164615728771632,0.245007223712426,0.5624185647963453,-0.37053355889766676
CHEMBL3126752,5.52,-2.04810691687524,1.0872268253668296,-2.457911115486612,-0.8280412245334093,-0.31227496125615184,0.27532394591630655,1.148099261395433,-0.5048997922094148
CHEMBL3126753,5.08,-2.8095371802667586,0.714034630651338,-2.5281805354292683,-0.24803987011614542,-0.6367378507599404,0.025229166935670087,-0.1971978462349217,0.868153211582837
CHEMBL3126754,4.68,-2.752251050616994,0.6704269436667617,-2.5544818114312844,-0.27390039030928476,-0.6640229163256736,0.026215063445135987,-0.1297024501356814,0.8069787361951727
CHEMBL3126755,4.93,-1.7300199027036034,0.9512295024372,-2.6329793685965264,-0.9945907462537593,0.9178428411890777,1.133810217497874,-0.3278328231919111,0.37500235306189955
CHEMBL3126756,5.91,-1.62620313790746,0.8826428978118853,-2.707996258099577,-0.8241210392598605,-0.46244398808783077,0.24527574572292266,0.9679498996442548,0.06745824366998608
CHEMBL3349204,5.63,-0.03934924914135403,-0.8021696872681578,1.5005387675147055,-0.9272797930084832,0.6512884220259345,0.8526830560693479,-0.5444382129877143,-0.5686650057866233
CHEMBL3889802,7.48,2.459230563386407,0.9482949019093105,-0.4883751061840147,0.09339102360266219,-0.8377377685625599,-1.2395602961834735,0.011039807193378551,0.5024632177835527
CHEMBL3890247,8.46,2.5412804861483376,1.8922048231905726,-0.6276205037343058,1.051875258608402,-1.227266636924521,-0.2900593572821352,0.013066069445971999,1.2391311530498705
CHEMBL3890835,7.42,3.481461711299797,1.2290974606797491,-0.5668726633492563,-0.6272993323418121,0.7441279889521913,-0.13196514213073562,-0.18709056586285136,0.07048683465027993
CHEMBL3894678,8.5,2.2461753548672467,-0.30468194419598243,-1.101631109008016,0.35628855720123576,-0.6779356104403106,-1.46847431324186,0.1505458146658691,1.028450395349198
CHEMBL3895932,7.41,4.3522842903179875,0.3610223145739046,-1.1094313484982592,-1.3596356191946073,3.346112762443013,1.294884771119765,-0.4468219754624691,-0.6861272153936023
CHEMBL3899193,7.33,2.2015387816131455,-0.6118069384502911,-1.1059919428264318,0.2993570806502357,-0.6747013398591115,-1.5000125707714749,0.22377312252851142,0.6958107304372484
CHEMBL3899819,6.55,0.8613874449369596,1.875587093528121,0.006082017414407928,-0.762626171723357,1.706647956086328,-0.10934908887772667,-0.13146560213563355,0.2111320271705572
CHEMBL3900352,6.39,1.0472541324950353,2.750910410184068,-0.2081802696389339,0.3663277702762813,-0.0631677415525417,-0.04838262175133941,1.1663433829531267,0.6402558530449616
CHEMBL3904892,7.57,2.423164709470405,0.08414922683840544,-0.9000222702681029,-0.19854249169317253,1.1113491772971518,-0.36003931511371795,-0.36855705130347044,0.0652314656127335
CHEMBL3907263,8.3,2.676588501653839,-1.3355513341359773,-1.5568878854931407,-0.3529216126178361,2.065318484757976,-0.06669401267535022,-0.2548889224964524,0.04259078669979253
CHEMBL3908243,6.67,0.8988007944447896,2.5123720205550746,-0.1375242139542991,0.13892658673138275,1.3203533583055658,0.8086135924939969,-0.056212032020397734,0.615160297524926
CHEMBL3909363,8.17,3.3058198522884674,0.6129055416014088,-1.3237348975419647,0.5371509597115013,0.5176355492936783,0.557083522182601,0.02766901172487484,1.0005022825702943
CHEMBL3913879,6.2,-0.07879378021449936,2.538694456038944,-0.05466582297064137,0.9165484192268568,-0.2647466697903843,-0.26744330402912614,0.06869103317319064,1.3797763455701475
CHEMBL3916231,7.78,0.6857455859256303,1.2593951744497807,-0.7507802167783005,0.40182412032995607,1.4801555164278146,0.5796995754356101,0.08329397545209422,1.1411474750905704
CHEMBL3916742,5.86,1.2603093410141948,4.00388725628936,0.40507573318506734,0.10343023667770783,-0.22296989967479097,0.18053139530704718,1.0268373754806357,0.11426867547931675
CHEMBL3918282,8.6,3.563511634061729,2.1730073819610105,-0.7061180608995475,0.33118490266392775,0.35459912059022997,0.8175357967706027,-0.18506430361025752,0.8071547699165984
CHEMBL3923939,8.02,2.9342802834271007,0.22455050622362452,-0.939271048850724,-0.5588876696654098,1.9022820560545273,0.1937582619126512,-0.4676222378315851,-0.15075672595390308
CHEMBL3925079,6.12,1.1564925762180511,4.072473860914675,0.4800926226881181,-0.06703947031619074,1.1573169296021175,1.0690658670819984,-0.26894534735553044,0.42181278487123064
CHEMBL3927228,7.54,3.223769929526536,-0.3310043796798528,-1.1844894999916735,-0.42133327529423836,0.9071644176556394,-0.39241741671873703,0.025642749472281477,0.2638343473039756
CHEMBL3931765,6.54,0.9434373676988917,2.8194970148093828,-0.1331633801358833,0.19585806328238242,1.3171190877243666,0.8401518500236118,-0.1294393398830387,0.9477999624368751
CHEMBL3931813,7.71,2.7284968840519097,-1.3698446364486343,-1.5943963302446658,-0.2676867591208864,1.3751750701195218,-0.5109612485628258,0.3930024389216297,-0.11118126799616425
CHEMBL3935199,8.13,2.1654729276971434,-1.4759526135211964,-1.51763910691052,0.007423565354401138,1.2743856060006,-0.6204915897017191,-0.15582373596833748,0.25857897826642895
CHEMBL3936184,6.56,0.6036956631636982,0.31548525316851883,-0.6115348192280093,-0.5566601146757836,1.8696843847897762,-0.3698013634657282,0.08126771319949938,0.404479539824253
CHEMBL3941865,8.54,3.268406502780638,-0.023879385425544273,-1.1801286661732577,-0.36440179874323836,0.9039301470744402,-0.3608791591891222,-0.04758455839036025,0.596474012215925
CHEMBL3944169,7.3,-0.3364855619877609,0.9785926156793424,-0.6722826596130586,1.1225144762744301,-0.10171024108693612,-0.5278955786171277,0.28142434850832365,1.5731238582238432
CHEMBL3944646,7.25,3.1992438743443317,1.4432340500162602,-0.36352349077824786,-0.736550349767034,1.052336483293824,-0.02159495691643771,0.04076311611400694,-0.8305159582155051
CHEMBL3950591,6.84,0.7895623507217738,1.1908085698244653,-0.8257971062813512,0.5722938273238548,0.09986868715090633,-0.308834896339341,1.3790766982882599,0.8336033656986565
CHEMBL3952924,8.45,1.9884835730939847,-1.8647837845555841,-1.719247945650433,0.5622546142488095,-0.5148991817368623,-1.7289265878298614,0.363279130001002,1.2217979080028933
CHEMBL3957984,7.27,2.8896437101729986,-0.08257448803068422,-0.9436318826691397,-0.6158191462164097,1.9055163266357265,0.1622200043830364,-0.3943949299689433,-0.48339639086585234
CHEMBL3959292,7.58,4.094592508544726,-1.199079525785697,-1.727048185140676,-1.1536695621470334,3.5091491911464616,1.0344324965317637,-0.2340886601273369,-0.4927797027399066
CHEMBL3961296,6.04,1.0026175592409334,2.4437854159297587,-0.21254110345734992,0.30939629372528155,-0.05993347097134264,-0.07992087928095427,1.2395706908157686,0.30761618813301206
CHEMBL3965237,8.35,3.0107147210073752,-1.5839812257851458,-1.7977455028156746,-0.15843574169566446,1.0669665757778886,-0.6213314337771236,0.16514875694477132,0.789821524869621
CHEMBL3970990,7.13,3.1473354919462606,1.4775273523289179,-0.3260150460267226,-0.8217852032639834,1.7424798979322782,0.42267227897103776,-0.6071282453040758,-0.676743903519548
CHEMBL3971463,8.12,2.9861886658251726,0.1902572039109671,-0.9767794936022491,-0.47365281616846044,1.212138641416073,-0.2505089739748244,0.1802691235864982,-0.3045287806498601
CHEMBL3979186,7.23,2.94155209257107,-0.11686779034334159,-0.9811403274206649,-0.5305842927194601,1.2153729119972725,-0.2820472315044392,0.25349643144913925,-0.6371684455618093
CHEMBL3979590,8.6,2.283588704375076,0.33210298283097045,-1.245237340376723,1.2578413156559758,-1.0642302082210728,-0.5505116318701369,0.22579938478110437,1.4324786657035664
CHEMBL4062435,7.92,1.157253792197814,-1.0820580742015382,0.8972935253112576,0.10159335140147058,1.5243202181019928,-0.07617161656809249,-0.005478100359482593,0.6665180846063535
CHEMBL4063396,7.16,5.364329824539715,-0.3715912484421539,1.0737413785774401,0.15256489490627534,0.6022951991327924,0.44693091248686995,-1.0116519942677444,-1.6822620614112056
CHEMBL4063478,7.27,3.6260840439735107,2.7155376300022778,1.7309976729914922,0.3475715252608548,0.2277875942588861,1.1297636116132823,0.3566077286003191,0.9518145585323592
CHEMBL4070531,7.87,1.8680878906717375,-1.1990155912173013,0.7146561892406467,-0.017894860420373974,1.3352523147630972,-0.08204163037753046,0.25625836192140145,0.9345462628923513
CHEMBL4074774,7.22,4.8532142505830205,-0.511992527827373,1.112990157160061,0.5129100728785122,-0.18863767962458344,-0.10686666453949908,-0.9125868077396291,-1.466273869844569
CHEMBL4077089,7.92,3.066423746526464,-0.15001828605715153,3.4353601679924877,-0.9160863483552137,-0.05298583105708482,0.9827428701371851,-0.10480361537923721,0.6213740571369573
CHEMBL4082578,7.97,2.5433474078982945,-1.8236733768981297,1.6730238522502157,2.676034341800895,1.7142549576937787,0.9284491443004926,1.076048169117229,0.7758316070362051
CHEMBL4085035,7.18,5.416238206937787,-0.4058845507548114,1.0362329338259149,0.2377997484032246,-0.0878482155056616,0.0026636765993944714,-0.36376063284966176,-1.8360341161071625
CHEMBL4085107,7.58,6.287173409189662,0.9746615575088688,0.8855832324965418,0.8175420788380809,-1.0457612681728305,1.2999973998288996,-0.34181162487855044,-0.6376502431619939
CHEMBL4090416,7.84,1.12968568145585,-0.7565303939743385,0.21062840570758862,2.2364214153974866,2.091840617428453,0.502983895958099,0.5646158580814887,0.9060158437226657
CHEMBL4092855,7.68,1.434261131631284,0.21076736130816473,-0.05192508525064609,3.206995209777002,1.3967495717150378,1.7858118032236192,0.9789498057603634,0.7537657575908459
CHEMBL4097211,7.76,2.4886959428650806,3.3021200672358,1.319142825630351,2.687135116969891,1.121773245592586,1.7188319759877781,0.4352621358155645,1.0340886173156603
CHEMBL4100591,7.88,2.5709155186402586,-2.1492010571253304,2.3596889718538847,0.5412062778048787,1.1467345583673187,0.34929363177430106,0.505954210676258,0.5363338479198934
CHEMBL4101457,7.03,5.180233342777791,-0.5965185528109654,1.0557575226966252,0.4612875590090111,-0.2903936954944484,-0.11241140208405317,-0.7692561083694147,-1.4940053455350073
